pmid,title,journal,year,compounds,endpoints,values,source
40317014,Decoding per- and polyfluoroalkyl substances (PFAS) in hepatocellular carcinoma: a multi-omics and computational toxicology approach.,Journal of translational medicine,2025,PFOA; PFOS,toxicity,,PMID:40317014
40359556,Unraveling the molecular mechanisms of PFOA in clear cell renal cell carcinoma through network toxicology and molecular docking strategies.,"International journal of surgery (London, England)",2025,PFOA,toxicity,,PMID:40359556
40367801,Integrative network and computational toxicology reveal the molecular mechanisms in PFOA-induced spermatogenic disorder.,Journal of environmental management,2025,PFOA,toxicity,,PMID:40367801
33751946,Epigenetic changes by per- and polyfluoroalkyl substances (PFAS).,"Environmental pollution (Barking, Essex : 1987)",2021,PFOA; PFOS,toxicity,,PMID:33751946
40465018,"Analyzing the potential targets and mechanism of per- and polyfluoroalkyl substances (PFAS) on breast cancer by integrating network toxicology, single-cell sequencing, spatial transcriptomics, and molecular simulation.",Functional & integrative genomics,2025,PFOA; PFOS,toxicity,,PMID:40465018
39286118,Exploring the environmental contamination toxicity and potential carcinogenic pathways of perfluorinated and polyfluoroalkyl substances (PFAS): An integrated network toxicology and molecular docking strategy.,Heliyon,2024,PFOA; PFOS; PFHXS,toxicity,,PMID:39286118
40580631,Multi-level evidence reveals PANK2 as a potential target of PFOA/PFOS-induced bone metabolism disruption: From network toxicology to in vitro validation.,Ecotoxicology and environmental safety,2025,PFOA; PFOS,toxicity,,PMID:40580631
40925179,"Integration of network toxicology, machine learning and single-cell sequencing reveals the effects of soil pollutants on prostate cancer.",Ecotoxicology and environmental safety,2025,PFOA; PFOS,toxicity,,PMID:40925179
29779582,Animal models of endocrine disruption.,Best practice & research. Clinical endocrinology & metabolism,2018,,toxicity,,PMID:29779582
39492895,Analyzing the impact of perfluorooctanoic acid (PFOA) and perfluorooctane sulfonate (PFOS) on the reproductive system using network toxicology and molecular docking.,Heliyon,2024,PFOA; PFOS,toxicity,,PMID:39492895
40806648,Perfluoroalkyl Substance (PFAS) Mixtures Drive Rheumatoid Arthritis Risk Through Immunosuppression: Integrating Epidemiology and Mechanistic Evidence.,International journal of molecular sciences,2025,PFOA; PFOS; PFNA; PFHXS,SR-p53; toxicity,,PMID:40806648
40784096,PFOA exposure promotes prostate cancer progression by enhancing autophagy through m,Ecotoxicology and environmental safety,2025,PFOA,BCF,,PMID:40784096
41151691,Network toxicology and molecular simulation identify key genes and pathways in PFAS-induced premature ovarian insufficiency.,"Reproductive toxicology (Elmsford, N.Y.)",2025,PFOA; PFOS,toxicity,,PMID:41151691
38400646,Exposure to per- and polyfluoroalkyl substances and breast cancer risk: a systematic review and meta-analysis of epidemiologic studies.,American journal of epidemiology,2024,PFOA; PFOS,toxicity,,PMID:38400646
36731186,High-content analysis shows synergistic effects of low perfluorooctanoic acid (PFOS) and perfluorooctane sulfonic acid (PFOA) mixture concentrations on human breast epithelial cell carcinogenesis.,Environment international,2023,PFOA; PFOS,SR-p53; toxicity,,PMID:36731186
41492385,"Per- and polyfluoroalkyl substances exposure and endometriosis risk: Evidence from epidemiologic, network toxicology, and molecular docking.",iScience,2025,PFOA; PFOS,toxicity,,PMID:41492385
40691870,"Predicting the mechanisms and targets of PFOA nephrotoxicity via network toxicology, Mendelian randomization, molecular docking and molecular dynamics simulation.",Toxicology mechanisms and methods,2025,PFOA,toxicity,,PMID:40691870
41108957,Perfluorooctanesulfonic acid (PFOS) exposure and multiple sclerosis: Evidence of association and mechanistic insights.,Ecotoxicology and environmental safety,2025,PFOA; PFOS,toxicity,,PMID:41108957
39512894,Per-and polyfluoroalkyl substances and disrupted sleep: mediating roles of proteins.,Environmental advances,2024,PFOA; PFOS; PFNA; PFDA; PFHXS,toxicity,,PMID:39512894
36801483,"Embryonic exposure to PFAS causes long-term, compound-specific behavioral alterations in zebrafish.",Neurotoxicology and teratology,2023,PFOA; PFOS,toxicity,,PMID:36801483
39182754,Asthma and decreased lung function in children exposed to perfluoroalkyl and polyfluoroalkyl substances (PFAS): An updated meta-analysis unveiling research gaps.,Environmental research,2024,PFOA; PFOS,toxicity,,PMID:39182754
28617200,Exposure to PFOA and PFOS and fetal growth: a critical merging of toxicological and epidemiological data.,Critical reviews in toxicology,2017,PFOA; PFOS,toxicity,,PMID:28617200
37027489,Lipidomic Profiling of PFOA-Exposed Mouse Liver by Multi-Modal Mass Spectrometry Analysis.,Analytical chemistry,2023,PFOA,toxicity,,PMID:37027489
38652827,In vitro evaluation of the carcinogenic potential of perfluorinated chemicals.,ALTEX,2024,PFOA; PFOS,toxicity,"('50', 'ppm')",PMID:38652827
40079289,"[«PFAS», pollutants in the spotlight].",Revue medicale de Liege,2025,PFOA; PFOS,toxicity,,PMID:40079289
40500729,Suppression effect of folate on poly- and perfluoroalkyl substance-induced alterations in lipids and the atherogenic index of plasma in adolescents.,Lipids in health and disease,2025,PFOA; PFOS; PFNA,toxicity,,PMID:40500729
40891830,"Letter to the Editor: ""Unraveling the molecular mechanisms of PFOA in clear cell renal cell carcinoma through network toxicology and molecular docking strategies.","International journal of surgery (London, England)",2025,PFOA,toxicity,,PMID:40891830
35026182,Framework for risk assessment of PFAS utilizing experimental studies and in-silico models.,Environmental research,2022,PFOA; PFOS,toxicity,,PMID:35026182
41083578,"Investigation of the toxicological effects of PFAS on cholangiocarcinoma based on network toxicology, bioinformatics, and molecular docking.",Scientific reports,2025,PFOA; PFOS,SR-p53; toxicity,,PMID:41083578
30248109,Rubella immunity and serum perfluoroalkyl substances: Sex and analytic strategy.,PloS one,2018,PFOA; PFOS,toxicity,,PMID:30248109
33609849,Per- and polyfluoroalkyl substances (PFAS) in livestock and game species: A review.,The Science of the total environment,2021,,BCF; toxicity,,PMID:33609849
37069739,"US and international per- and polyfluoroalkyl substances surface water quality criteria: A review of the status, challenges, and implications for use in chemical management and risk assessment.",Integrated environmental assessment and management,2024,PFOA; PFOS,BCF; toxicity,,PMID:37069739
39251122,Toxicity prediction and risk assessment of per- and polyfluoroalkyl substances for threatened and endangered fishes.,"Environmental pollution (Barking, Essex : 1987)",2024,,toxicity,,PMID:39251122
39073492,Elucidating the degradation mechanisms of perfluorooctanoic acid and perfluorooctane sulfonate in various environmental matrices: a review of green degradation pathways.,Environmental geochemistry and health,2024,PFOA; PFOS,BCF; toxicity,,PMID:39073492
34798108,Elucidating the molecular mechanisms of perfluorooctanoic acid-serum protein interactions by structural mass spectrometry.,Chemosphere,2022,PFOA,toxicity,,PMID:34798108
34762945,Global occurrence and probabilistic environmental health hazard assessment of per- and polyfluoroalkyl substances (PFASs) in groundwater and surface waters.,The Science of the total environment,2022,PFOA; PFOS,BCF; toxicity,,PMID:34762945
34296455,Argumentation Analysis of Risk Assessments: The Case of Perfluorooctanoic Acid.,Risk analysis : an official publication of the Society for Risk Analysis,2022,PFOA,toxicity,,PMID:34296455
34400261,The Dilemma of perfluorooctanoate (PFOA) human half-life.,Regulatory toxicology and pharmacology : RTP,2021,PFOA,toxicity,,PMID:34400261
39584959,Impact of Legacy Perfluorooctane Sulfonate (PFOS) and Perfluorooctanoate (PFOA) on GABA Receptor-Mediated Currents in Neuron-Like Neuroblastoma Cells: Insights into Neurotoxic Mechanisms and Health Implications.,Journal of xenobiotics,2024,PFOA; PFOS,toxicity,,PMID:39584959
39732059,Association between exposure to perfluoroalkyl and polyfluoroalkyl substances with estimated glomerular filtration rate: Mediating role of serum albumin.,Ecotoxicology and environmental safety,2025,PFOA; PFOS; PFNA; PFHXS,toxicity,,PMID:39732059
40503787,Mechanistic insights into PFOS-induced inflammatory bowel disease: a network toxicology and molecular docking study.,"International journal of surgery (London, England)",2025,PFOS,toxicity,,PMID:40503787
40845637,Elucidating the associations and molecular mechanisms of perfluoroalkyl substances exposure with type 2 diabetes and its complications: A multifaceted approach.,Ecotoxicology and environmental safety,2025,PFOS,toxicity,,PMID:40845637
41265816,Per- and polyfluoroalkyl substances trigger autoimmune diseases through inflammatory cytokines-IL-17/Th17 signaling axis.,Chemico-biological interactions,2026,PFOS,toxicity,,PMID:41265816
40915206,Network toxicology and molecular docking to investigate the association of perfluorooctane sulfonate and pulmonary arterial hypertension via adverse outcome pathways.,Ecotoxicology and environmental safety,2025,PFOS,BCF; toxicity,,PMID:40915206
40995116,Analysis of the effects of perfluorooctane sulfonate on COPD using network toxicology and molecular docking.,iScience,2025,PFOS,toxicity,,PMID:40995116
40705188,Integrated network toxicology and bioinformatics reveal PFAS-driven prognostic biomarkers and molecular mechanisms in breast cancer: insights from transcriptome analysis and molecular docking.,Discover oncology,2025,PFOS,toxicity,,PMID:40705188
40050647,Integrated computational analysis of molecular mechanisms underlying perfluorooctane sulfonic acid induced thyroid toxicity.,Scientific reports,2025,PFOS,SR-p53; toxicity,,PMID:40050647
41134653,"Exploring the Association Between Per- and Polyfluoroalkyl Substances Exposure and the Risk of Stroke: A Systematic Investigation Using NHANES Data Analysis, Network Toxicology and Molecular Docking Approaches.",Brain and behavior,2025,PFOS,toxicity,,PMID:41134653
37850740,Establishing Chronic Toxicity Effect Levels for Zebrafish (Danio rerio) Exposed to Perfluorooctane Sulfonate.,Environmental toxicology and chemistry,2024,PFOS,toxicity,,PMID:37850740
40570396,Mitochondrial and inflammatory dysfunctions underlie perfluorooctane sulfonic acid (PFOS)-induced neurotoxicity in adult zebrafish.,The Science of the total environment,2025,PFOS; FOSA,SR-MMP; toxicity,,PMID:40570396
41436509,Identifying toxicological effects of perfluoroalkyl and polyfluoroalkyl substances exposure on osteoarthritis.,Scientific reports,2025,,BCF; toxicity,,PMID:41436509
38146916,Assessing Contamination Profiles in Livers from Road-Killed Owls.,Environmental toxicology and chemistry,2024,PFOS,toxicity,,PMID:38146916
40737503,A systems toxicology approach implicates post-transcriptional regulatory networks in reproductive defects from PFAS exposure.,Toxicological sciences : an official journal of the Society of Toxicology,2025,PFOS,toxicity,,PMID:40737503
39894319,Evaluation of the causal effects of perfluorooctanesulfonate on COVID-19 and its associated mechanisms: Integrated Mendelian randomization and network toxicology analyses.,Toxicology letters,2025,PFOS,toxicity,,PMID:39894319
37741269,Serum albumin mitigated perfluorooctane sulfonate-induced cytotoxicity by affecting the cellular responses.,Biophysical chemistry,2023,PFOS,toxicity,,PMID:37741269
41043219,Microbiota modulates compound-specific toxicity of environmental chemicals: A multi-omics analysis in zebrafish embryos.,Environment international,2025,PFOS,toxicity,,PMID:41043219
41463487,Multi-Organ Toxicity of Combined PFOS/PS Exposure and Its Application in Network Toxicology.,Biology,2025,PFOS,toxicity,,PMID:41463487
37059384,Investigating fatty liver disease-associated adverse outcome pathways of perfluorooctane sulfonate using a systems toxicology approach.,Food and chemical toxicology : an international journal published for the British Industrial Biological Research Association,2023,PFOS,toxicity,,PMID:37059384
38501493,"Per- and Polyfluoroalkyl Substances in Water (2008-2022) and Fish (2015-2022) in The Netherlands: Spatiotemporal Trends, Fingerprints, Mass Discharges, Sources, and Bioaccumulation Factors.",Environmental toxicology and chemistry,2024,PFOS,BCF; toxicity,,PMID:38501493
40697017,"Commentary on ""Mechanistic insights into PFOS-induced inflammatory bowel disease: a network toxicology and molecular docking study"".","International journal of surgery (London, England)",2025,PFOS,toxicity,,PMID:40697017
40958282,Machine learning and SHAP-based identification of RNASE1 linking environmental endocrine-disrupting chemicals exposure to atherosclerosis.,Medicine,2025,PFOS,toxicity,,PMID:40958282
38752651,Considerations and challenges in support of science and communication of fish consumption advisories for per- and polyfluoroalkyl substances.,Integrated environmental assessment and management,2024,PFOS,BCF; toxicity,,PMID:38752651
39181731,Per- and polyfluoroalkyl substances as persistent pollutants with metabolic and endocrine-disrupting impacts.,Trends in endocrinology and metabolism: TEM,2025,,toxicity,,PMID:39181731
36274037,Environmental toxicants and placental function.,Best practice & research. Clinical obstetrics & gynaecology,2022,,toxicity,,PMID:36274037
38668455,Perfluorooctanesulfonic Acid Alters Pro-Cancer Phenotypes and Metabolic and Transcriptional Signatures in Testicular Germ Cell Tumors.,Toxics,2024,PFOS,toxicity,,PMID:38668455
41240996,Ophthalmotoxicology of polyhalogenated compounds.,Toxicology,2026,,SR-MMP; toxicity,,PMID:41240996
37368643,Poly- and Perfluoroalkyl Substances (PFAS): Do They Matter to Aquatic Ecosystems?,Toxics,2023,,BCF; toxicity,,PMID:37368643
41356495,Persistent pollutants and the developing brain: the role of PFAS in neurodevelopmental disorders.,Frontiers in cellular neuroscience,2025,,BCF,,PMID:41356495
35948114,"Health impacts of artificial turf: Toxicity studies, challenges, and future directions.","Environmental pollution (Barking, Essex : 1987)",2022,,toxicity,,PMID:35948114
41255867,"Environmental behavior and human health risks of PFAS: occurrence, toxicity, and the state-of-the-art removal approaches.",RSC advances,2025,,BCF; toxicity,,PMID:41255867
40431401,Perfluoroalkyl and Polyfluoroalkyl Substances (PFAS) and Vitamin Metabolism: A Nutritional Perspective on an Emerging Environmental Health Issue.,Nutrients,2025,,BCF; toxicity,,PMID:40431401
41252967,Perfluoroalkyl and polyfluoroalkyl substances contamination in dairy: A global perspective.,The Science of the total environment,2025,PFOA; PFOS,BCF; toxicity,,PMID:41252967
40301256,Unveiling the Research Void: Exploring the Reproductive Effects of PFAS Compounds on Male Health.,Advances in experimental medicine and biology,2025,,toxicity,,PMID:40301256
33033332,Endocrine disruption of vitamin D activity by perfluoro-octanoic acid (PFOA).,Scientific reports,2020,PFOA,toxicity,,PMID:33033332
37162486,Quantifying the impact of PFOA exposure on B-cell development and antibody production.,Toxicological sciences : an official journal of the Society of Toxicology,2023,PFOA,toxicity,,PMID:37162486
40243467,Impact of Persistent Endocrine-Disrupting Chemicals on Human Nuclear Receptors: Insights from In Silico and Experimental Characterization.,International journal of molecular sciences,2025,,BCF,,PMID:40243467
35202277,Early Warnings by Liver Organoids on Short- and Long-Chain PFAS Toxicity.,Toxics,2022,PFOA; PFOS,BCF; toxicity,,PMID:35202277
37505537,Research Progress on Neurodevelopmental Toxicity in Offspring after Indirect Exposure to PFASs in Early Life.,Toxics,2023,,toxicity,,PMID:37505537
38013950,[The history of emerging substances in Austria].,Osterreichische Wasser- und Abfallwirtschaft,2022,,toxicity,,PMID:38013950
35480371,Major contaminants of emerging concern in soils: a perspective on potential health risks.,RSC advances,2022,,toxicity,,PMID:35480371
34721300,Adverse Impact of Environmental Chemicals on Developmental Origins of Kidney Disease and Hypertension.,Frontiers in endocrinology,2021,,NR-AhR; toxicity,,PMID:34721300
40981347,Evaluation of Endocrine Disruptome and VirtualToxLab for Predicting Per- and Polyfluoroalkyl Substances Binding to Nuclear Receptors.,Journal of xenobiotics,2025,FOSA,NR-AR,,PMID:40981347
36906028,EU need to protect its environment from toxic per- and polyfluoroalkyl substances.,The Science of the total environment,2023,PFOS,toxicity,,PMID:36906028
