pmid,title,authors,journal,year,doi,abstract,pfas_compounds,toxicity_aspects,mechanisms,keywords,fulltext
28286084,Recent experimental results of effects of perfluoroalkyl substances in laboratory animals - Relation to current regulations and guidance values.,Lilienthal Hellmuth; Dieter Hermann H; Hölzer Jürgen; Wilhelm Michael,International journal of hygiene and environmental health,2017,10.1016/j.ijheh.2017.03.001,"The detection of perfluoroalkyl substances (PFAS) in surface and drinking water from various countries raised the attention to the presence of these chemicals in environmental probes and led to several regulatory actions to limit exposure in human beings. There was particular concern about perfluorooctanoic acid (PFOA) and perfluorooctane sulfonate (PFOS), due to their former wide-spread use. Recently, several institutions published revisions of former regulatory or recommended maximum concentra",PFOA; PFOS,toxic,,Animal studies; Drinking water; Guidance value; Health-related indication value; Perfluorinated compounds; Perfluoroalkyl substances; Threshold of toxicological concern,
40194260,Exposure to Long- and Short-Chain Per- and Polyfluoroalkyl Substances in Mice and Ovarian-Related Outcomes: An ,Pattarawat Pawat; Zhan Tingjie; Fan Yihan; Zhang Jiyang; Yang Hilly,Environmental health perspectives,2025,10.1289/EHP14876,"The extensive use of per- and polyfluoroalkyl substances (PFAS) has led to environmental contamination and bioaccumulation of these substances. Previous research linked PFAS exposure to female reproductive disorders, but the mechanism remains elusive. Further, most studies focused on legacy long-chain PFOA and PFOS, yet the reproductive impacts of other long-chain PFAS and short-chain alternatives are rarely explored.",PFOA; PFOS,,mechanism,,
39168926,Distribution Control and Environmental Fate of PFAS in the Offshore Region Adjacent to the Yangtze River Estuary─A Study Combining Multiple Phases Analysis.,Li Luying; Han Tongzhu; Li Bo; Bai Peng; Tang Xuexi,Environmental science & technology,2024,10.1021/acs.est.4c03985,"The Yangtze River Estuary is the terminal sink of terrestrial per- and polyfluoroalkyl substances (PFAS) from the Yangtze River, while the environmental fate characteristics of legacy and emerging PFAS around this region have rarely been discussed. Here, 24 targeted PFAS in seawater, sediments, suspended particulate matter (SPM), and plankton in the offshore region adjacent to this estuary were investigated. The three dominant PFAS in all phases were perfluorooctanoic acid (PFOA, 23.8-61.9%), pe",PFOA; HFPO-DA; PFBA,,,bioaccumulation; per- and polyfluoroalkyl substances; phase partition; spatial distribution; vertical settling,
38614344,PFAS assessment in fish - Samples from Illinois waters.,Sands Mia; Zhang Xing; Jensen Tor; La Frano Michael; Lin Mindy,The Science of the total environment,2024,10.1016/j.scitotenv.2024.172357,"Per- and Polyfluoroalkyl substances (PFAS) have been widely used in various industries, including pesticide production, electroplating, packaging, paper making, and the manufacturing of water-resistant clothes. This study investigates the levels of PFAS in fish tissues collected from four target waterways (15 sampling points) in the northwestern part of Illinois during 2021-2022. To assess accumulation, concentrations of 17 PFAS compounds were evaluated in nine fish species to potentially inform",PFOS; PFHxA; PFBS; PFHxS,,,2021–2022; Fish samples; Illinois waters; PFAS; Risk analysis; Risk assessment,"[摘要] Per- and Polyfluoroalkyl substances (PFAS) have been widely used in various industries, including pesticide production, electroplating, packaging, paper making, and the manufacturing of water-resistant clothes. This study investigates the levels of PFAS in fish tissues collected from four target waterways (15 sampling points) in the northwestern part of Illinois during 2021–2022. To assess accumulation, concentrations of 17 PFAS compounds were evaluated in nine fish species to potentially inform on exposure risks to local sport fishing population via fish consumption. At least four PFAS (PFHxA, PFHxS, PFOS, and PFBS) were detected at each sampling site. The highest concentrations of PFAS were consistently found in samples from the Rock River, particularly in areas near urban and industrial activities. PFHxA emerged as the most accumulated PFAS in the year 2022, while PFBS and PFOS dominated in 2021. Channel Catfish exhibited the highest PFAS content across different fish species, indicating its bioaccumulation potential across the food chain. Elevated levels of PFOS were observed in nearly all fish, indicating the need for careful consideration of fish consumption. Additional bioaccumulation data in the future years is needed to shed light on the sources and PFAS accumulation potential in aquatic wildlife in relation to exposures for potential health risk assessment.

[摘要] 


[Introduction] Per- and Polyfluoroalkyl substances (PFAS) are a class of organic compounds wherein the hydrogen atoms in the carbon chain of aliphatic hydrocarbons are replaced by fluorine atoms (

[Introduction] PFAS are broadly categorized into two groups: long-chain and short-chain PFAS. Long-chain PFAS, exemplified by PFOS and PFOA, typically contain at least 8 carbon atoms. In contrast, shorter-chain PFAS, including Perfluorohexane Sulfonic Acid (PFHxS), Perfluorobutane sulfonic acid (PFBS), and Perfluorobutyrate Acid (PFBA), consist of <8 carbon atoms (

[Introduction] The remarkable"
36599390,Critical endpoints of PFOA and PFOS exposure for regulatory risk assessment in drinking water: Parameter choices impacting estimates of safe exposure levels.,Perez Angie; Lumpkin Michael; Kornberg Tiffany; Schmidt Allison,Regulatory toxicology and pharmacology : RTP,2023,10.1016/j.yrtph.2022.105323,"USEPA issued drinking water interim health advisories (iHA) for PFOA and PFOS. The Agency's choice for critical effect, toxic point-of-departure (PoD), benchmark dose (BMD), pharmacokinetic (PK) model extrapolation to ingested dose, and use of uncertainty factors, resulted in the iHA for PFOS and PFOA being lowered from 70 ppt to 0.04-0.2 ppt. This review addresses key steps in the iHA derivation that influence changes in iHA values and suggests analysis and modeling changes for higher confidenc",PFOA; PFOS,toxicity; toxic; adverse; cancer,,,
39987740,"Neurotoxic effects of per- and polyfluoroalkyl substances (PFAS) mixture exposure in mice: Accumulations in brain and associated changes of behaviors, metabolome, and transcriptome.",He Qiurong; Yang Qingkun; Wu Lin; He Yuhang; Zeng Ni,Journal of hazardous materials,2025,10.1016/j.jhazmat.2025.137699,"Humans are exposed to complex per- and polyfluoroalkyl substances (PFAS) mixtures, yet their neurotoxicity and mechanisms remains unclear. This study exposed male mice to 17 PFAS mixtures at low levels (0.2-20 µg/L) for 49 days via drinking water. Perfluoropentanoic acid (PFPeA), perfluoroheptanoic acid (PFHpA), 6:2 fluorotelomer sulfonic acid (6:2 FTS), and perfluorooctane Sulfonate (PFOS) accumulated in brain tissues, with brain/plasma ratios of 2.03-5.87, 2.94-12.88, 1.90-3.19, and 0.62-0.93,",PFOS; PFPeA,toxicity; toxic,mechanism; pathway; receptor; activation,Brain accumulation; Inflammatory response; Multi-omics analysis; Neurotoxicity; PFAS mixture exposure,
35026182,Framework for risk assessment of PFAS utilizing experimental studies and in-silico models.,Deepika Deepika; Rovira Joaquim; Sabuz Óscar; Balaguer Jordina; Schuhmacher Marta,Environmental research,2022,10.1016/j.envres.2022.112722,"Perfluoroalkyl substances (PFAS), especially PFOS and PFOA, are two widely used synthetic chemicals that can impact human health based on evidence from animal and epidemiologic studies. In this paper, we have reviewed and summarized the influence of PFAS exposure on health, pointing the quality of evidence, and applied translational techniques to integrate evidence for PFAS policy making. This is the first review where highly referred articles on PFAS used for policymaking by several regulatory ",PFOA; PFOS,toxicity; toxic; adverse,,Health effects; Human biomonitoring; PFAS; PFOA; PFOS; Perfluorinated compounds; Regulatory limits; Systematic analysis; Toxicokinetic model; Translational in silico models,
33498193,"Legacy and Emerging Per- and Polyfluoroalkyl Substances: Analytical Techniques, Environmental Fate, and Health Effects.",Brase Richard A; Mullin Elizabeth J; Spink David C,International journal of molecular sciences,2021,10.3390/ijms22030995,"Due to their unique chemical properties, per- and polyfluoroalkyl substances (PFAS) have been used extensively as industrial surfactants and processing aids. While several types of PFAS have been voluntarily phased out by their manufacturers, these chemicals continue to be of ecological and public health concern due to their persistence in the environment and their presence in living organisms. Moreover, while the compounds referred to as ""legacy"" PFAS remain in the environment, alternative comp",GenX; HFPO-DA,health effect; cancer,,GenX; HFPO-DA; PFAS; biomonitoring; biotransformation; carcinogenicity; immunotoxicity; landfills; mass spectrometry; per- and polyfluoroalkyl substances,"[摘要] Due to their unique chemical properties, per- and polyfluoroalkyl substances (PFAS) have been used extensively as industrial surfactants and processing aids. While several types of PFAS have been voluntarily phased out by their manufacturers, these chemicals continue to be of ecological and public health concern due to their persistence in the environment and their presence in living organisms. Moreover, while the compounds referred to as “legacy” PFAS remain in the environment, alternative compounds have emerged as replacements for their legacy predecessors and are now detected in numerous matrices. In this review, we discuss the historical uses of PFAS, recent advances in analytical techniques for analysis of these compounds, and the fate of PFAS in the environment. In addition, we evaluate current biomonitoring studies of human exposure to legacy and emerging PFAS and examine the associations of PFAS exposure with human health impacts, including cancer- and non-cancer-related outcomes. Special focus is given to short-chain perfluoroalkyl acids (PFAAs) and ether-substituted, polyfluoroalkyl alternatives including hexafluoropropylene oxide dimer acid (HFPO-DA; tradename GenX), 4,8-dioxa-3H-perfluorononanoic acid (DONA), and 6:2 chlorinated polyfluoroethersulfonic acid (6:2 Cl-PFESA; tradename F-53B).

[1. Introduction to Per- and Polyfluoroalkyl Substances (PFAS)] Per- and polyfluoroalkyl substances (PFAS) constitute a broad class of man-made chemicals that contain at least one perfluoroalkyl moiety in which all H substituents on a C atom have been replaced by F [

[1. Introduction to Per- and Polyfluoroalkyl Substances (PFAS)] Due to their widespread use and chemical stability, PFAS are highly persistent in the environment and can be ubiquitously detected in numerous matrices including water, soil, plants, animals, foodstuffs, and human serum [

[1. Introduction to Per- and Polyfluoroalkyl Substances (PFAS)] With the introduction of newer, emerging PFAS and t"
36841522,Spatio-temporal trends in livestock exposure to per- and polyfluoroalkyl substances (PFAS) inform risk assessment and management measures.,Mikkonen Antti T; Martin Jennifer; Upton Richard N; Barker Andrew O; Brumley Carolyn M,Environmental research,2023,10.1016/j.envres.2023.115518,"The migration of per- and polyfluoroalkyl substances (PFAS) onto agricultural properties has resulted in the accumulation of PFAS in livestock. The environmental determinants of PFAS accumulation in livestock from the grazing environment are poorly understood, resulting in limited capacity to manage livestock exposure and subsequent transfer of PFAS through the food chain. Analytical- (n = 978 samples of soil, water, pasture, and serum matrices), farm management/practice- and livestock physiolog",PFOS; PFHxS,,pathway,Dynamic exposure; Livestock; Perfluorohexane sulfonate (PFHxS); Perfluorooctane sulfonate (PFOS); Risk assessment; Risk management,
41517124,"Occurrence, Sources, and Risk Assessment of PFAS in Soil-Mango Systems of the Chinese Tropical Nanfan District.",Zhang Zhen; Chen Fei; Yang Rui; Ren Saihao; Zhang Shanying,"Foods (Basel, Switzerland)",2025,10.3390/foods15010058,"Perfluoroalkyl and polyfluoroalkyl substances (PFASs) have emerged as contaminants of global concern due to their persistence and potential health risks. PFASs pose potential pollution risks in mango cultivation and production. This study investigated pollution characteristics and conducted a comprehensive risk assessment of PFASs in soil-mango systems within the Nanfan District of Hainan, China. The results revealed that total PFAS concentrations in soil ranged from 0.18 to 1.07 ng/g, with PFHp",PFHxA,,pathway,bioaccumulation factor; mango; perfluoroalkyl and polyfluoroalkyl substance; pollution sources; risk assessment; soils,"[摘要] Perfluoroalkyl and polyfluoroalkyl substances (PFASs) have emerged as contaminants of global concern due to their persistence and potential health risks. PFASs pose potential pollution risks in mango cultivation and production. This study investigated pollution characteristics and conducted a comprehensive risk assessment of PFASs in soil–mango systems within the Nanfan District of Hainan, China. The results revealed that total PFAS concentrations in soil ranged from 0.18 to 1.07 ng/g, with PFHpA and PFHxA accounting for 24.9% and 21.0%, respectively. Total PFAS concentrations in mangoes ranged from 0.0019 to 0.0201 ng/g wet weight, where PFHxA and PFHpA accounted for 44.02% and 30.28%, respectively. For all PFASs, the bioaccumulation factor (BAF) in mangoes was <1, indicating limited transfer from soil to fruits. Regarding PFAS contamination sources, long-range atmospheric transport may serve as the primary pathway for PFAS contamination in soil and mangoes. Risk assessments indicated minimal ecological and dietary exposure risks, with soil ecological risk quotients (RQs) below 0.01 and edible exposure RQs below 1. This study highlights the unique contribution of short-chain PFAS to the quality and safety of tropical agricultural products and provides critical data for the safety regulation of PFASs in soil–fruit systems.

[1. Introduction] The contamination of perfluoroalkyl and polyfluoroalkyl substances (PFASs) in global agricultural production has become a significant challenge, threatening the quality and safety of agricultural products. As a core region of China’s tropical agriculture, Hainan Nanfan District hosts a pivotal mango industry that not only serves as the backbone of the regional economy but also directly impacts the health of domestic and foreign consumers through its product quality and safety. It is worth noting that mango bags are extensively used during planting. These bags function as physical protection, pest control tools, and quality-"
41726988,Structural insights into PFAS-β-lactoglobulin binding mechanism mediating PFAS toxicity.,Verma Shalja; Singh Anika; Ramirez Orozco Randhal S; Vukovic Lela; Narayan Mahesh,bioRxiv : the preprint server for biology,2026,10.1101/2025.09.02.673760,"The strong, polar-covalent nature of C-F bonds contributes to the forever nature of per- and polyfluoroalkyl (PFAS) substances. PFAS are toxic to humans. Here, we have examined the ability of the small, globular, milk protein β-lactoglobulin to bind PFAS. The protein transports hydrophobic and amphiphilic compounds, including retinol and fatty acids, for vision and brain development; therefore, underscoring its interactions with PFAS is significant. The crystal structures of β-lactoglobulin comp",PFOA; PFOS; PFDA,toxicity; toxic,mechanism; binding,MD simulation; Neurotoxicity; Per- and polyfluoroalkyl (PFAS) substances; X-ray crystallography; β-lactoglobulin,"[摘要] The strong, polar-covalent nature of C-F bonds contributes to the forever nature of per- and polyfluoroalkyl (PFAS) substances. PFAS are toxic to humans. Here, we have examined the ability of the small, globular, milk protein β-lactoglobulin to bind PFAS. The protein transports hydrophobic and amphiphilic compounds, including retinol and fatty acids, for vision and brain development; therefore, underscoring its interactions with PFAS is significant. The crystal structures of β-lactoglobulin complexed with PFOA (Perfluorooctanoic acid) at 2.0 (Å), PFOS (Perfluorooctanesulfonic acid) at 2.5 (Å), and PFDA (Perfluorodecanoic acid) at 2.0 (Å) reveal high affinity of the compounds for the central calyx of β-lactoglobulin, which is the canonical retinol and fatty acid binding site. Analyses of the data indicate significant hydrophobic interactions stabilizing the binding of the PFAS hydrophobic “tails” within the calyx and interactions between Lys60 and Lys69 and PFAS polar head groups. Comparative structural analysis revealed the presence of an open conformation of the EF loop containing the Glu89 latch residue in the complexed structures vis-a-vis the apo-form. Molecular dynamics (MD) simulations revealed high stability of the PFAS binding and attainment of energy minima in all complexes. The average binding energy of PFDA in β-lactoglobulin calyx was −25 kcal/mol, which was higher than PFOS (−21 kcal/mol) and PFOA (−23 kcal/mol) due to increased van der Waals interactions of the longer hydrophobic chain of PFDA with β-lactoglobulin. This work advances a mechanism by which β-lactoglobulin can recruit PFAS and act as a transporter for the “forever” chemical, potentially mediating its neurotoxicity.

[摘要] 


[Introduction] The C-F bond is very stable due to the strong electronegative character of the fluorine atom (4.0 versus 2.5 for carbon), resulting in the shared electron density essentially becoming concentrated around the fluorine and leaving the carbon relativel"
34006824,Perfluoroalkyl substance pollutants activate the innate immune system through the AIM2 inflammasome.,Wang Li-Qiu; Liu Tao; Yang Shuai; Sun Lin; Zhao Zhi-Yao,Nature communications,2021,10.1038/s41467-021-23201-0,"Perfluoroalkyl substances (PFAS) are widely used in various manufacturing processes. Accumulation of these chemicals has adverse effects on human health, including inflammation in multiple organs, yet how PFAS are sensed by host cells, and how tissue inflammation eventually incurs, is still unclear. Here, we show that the double-stranded DNA receptor AIM2 is able to recognize perfluorooctane sulfonate (PFOS), a common form of PFAS, to trigger IL-1β secretion and pyroptosis. Mechanistically, PFOS",PFOS,adverse; immune,receptor,,"[摘要] Perfluoroalkyl substances (PFAS) are widely used in various manufacturing processes. Accumulation of these chemicals has adverse effects on human health, including inflammation in multiple organs, yet how PFAS are sensed by host cells, and how tissue inflammation eventually incurs, is still unclear. Here, we show that the double-stranded DNA receptor AIM2 is able to recognize perfluorooctane sulfonate (PFOS), a common form of PFAS, to trigger IL-1β secretion and pyroptosis. Mechanistically, PFOS activates the AIM2 inflammasome in a process involving mitochondrial DNA release through the Ca

[摘要] The double-stranded DNA receptor AIM2 is able to sense the environmental pollutant perfluorooctane sulfonate, a prototypical perfluoro-alkyl substrate. Activation of the AIM2 pathway leads to inflammation and tissue damage via IL-1β secretion and pyroptosis of affected innate immune cells.

[Introduction] Perfluoroalkyl substances (PFAS) are widely used in industrial manufacturing processes and consumer products due to their joint hydrophobic and oleophobic properties

[Introduction] Several studies have indicated that oxidative and inflammatory responses are involved in PFOS-induced cell injury and tissue damage. PFOS induces oxidative stress via inhibiting antioxidant factors (such as superoxide dismutase, lysozyme) or promoting reactive oxygen species in hepatocytes or endothelial cells, leading to cell death

[Introduction] Pattern recognition receptors (PRRs) are a broad family of proteins expressed by various cells of the innate immune system, recognizing conserved molecular moieties commonly associated with pathogens and environmental factors. PRRs recognize specific molecular patterns (e.g., protein, RNA, and DNA) of microorganisms, referred to as pathogen-associated molecular patterns (PAMPs), activating a series of innate immune pathways. Unlike PAMPs from microbes, the environmental toxins or pollutants are usually not recognized directly by PRRs, but they ma"
40465018,"Analyzing the potential targets and mechanism of per- and polyfluoroalkyl substances (PFAS) on breast cancer by integrating network toxicology, single-cell sequencing, spatial transcriptomics, and molecular simulation.",Li Jiajun; Wang Deqi; Song Sihan; Wang Yi; Wu Xinlei,Functional & integrative genomics,2025,10.1007/s10142-025-01616-y,"Per- and polyfluoroalkyl substances (PFAS), particularly perfluorooctanoic acid (PFOA) and perfluorooctane sulfonate (PFOS), are persistent environmental contaminants linked to adverse health effects, including an increased risk of breast cancer. However, the molecular mechanisms through which PFAS contribute to breast cancer development remain poorly understood. In this study, we employed an integrated approach combining network toxicology, single-cell sequencing, spatial transcriptomics, and m",PFOA; PFOS,toxic; adverse; health effect; cancer; immune,mechanism; binding,,
39389194,"Bioaccumulation potentials of per-and polyfluoroalkyl substances (PFAS) in recreational fisheries: Occurrence, health risk assessment and oxidative stress biomarkers in coastal Biscayne Bay.",Ogunbiyi Olutobi Daniel; Lemos Leila; Brinn Richard P; Quinete Natalia Soares,Environmental research,2024,10.1016/j.envres.2024.120128,"Per-and polyfluoroalkyl substances (PFAS) are a group of synthetic, highly fluorinated, and emerging chemicals that are reported to be used for both industrial and domestic applications. Several PFAS have demonstrated persistent, bioaccumulative and toxic tendencies in marine organisms. Therefore, this research aims to characterize and quantify these compounds in both recreational fisheries and surface water samples, including estimating their bioaccumulation potentials. In addition, we assessed",FOSA,toxic; immune,oxidative stress,Bioaccumulation factor; Hazard risk; Morphological index; Oxidative stress biomarkers; PFAS,
39492895,Analyzing the impact of perfluorooctanoic acid (PFOA) and perfluorooctane sulfonate (PFOS) on the reproductive system using network toxicology and molecular docking.,Chen Liang; Liang Shanshan; Li Jiaxin; Li Qian; Sun Qingwen,Heliyon,2024,10.1016/j.heliyon.2024.e39419,"Growing evidence suggests that perfluorinated compounds (PFCs) contribute to reproductive toxicity, with perfluorooctanoic acid (PFOA) and perfluorooctane sulfonate (PFOS) being the most extensively studied. These chemicals are known to lower testosterone levels and compromise the integrity of the blood-testis barrier. However, the specific mechanisms of their reproductive toxicity remain largely unknown due to research limitations. In this study, we utilized network pharmacology to pinpoint the",PFOA; PFOS,toxicity; toxic,mechanism; pathway; receptor,Molecular docking; Network pharmacology; Perfluorooctane sulfonate; Perfluorooctanoic acid; Reproductive toxicity,
40651139,Consumer health risk assessment of per- and polyfluoroalkyl substances (PFAS) and polycyclic aromatic hydrocarbon (PAH) in the Ecuadorian red mangrove crab.,De Cock Andrée; De Clercq Kaat; Pensaert Emma; Groffen Thimo; Jacxsens Liesbeth,Food chemistry,2025,10.1016/j.foodchem.2025.145450,"Anthropogenic pollutant accumulation is a concern in Ecuador's Guayas Estuary. In this study, we investigated per- and polyfluoroalkyl substances (PFAS) and polycyclic aromatic hydrocarbons (PAHs) in the meat of the red mangrove crab (Ucides occidentalis), an Ecuadorian commercial food product. This study examined contaminant levels in crabs from two mangrove reserves and assessed associated health risks to consumers. The presence of 8 PFAS was found in the crabmeat: PFBA, PFHxA, PFOA, PFDA, PFD",PFOA; PFDA; PFHxA; PFBA,,,Aquatic biota; Ecuador; Emerging pollutants; Environmental contaminants; Guayas estuary; Human health risk assessment; Mangrove reserves,
35262431,Effects of perfluoroalkyl substances on soil respiration and enzymatic activity: differences in carbon chain-length dependence.,Lv Ming; Xie Yangyang; Yu Hui; Sun Tao; Song Liping,"Journal of environmental science and health. Part. B, Pesticides, food contaminants, and agricultural wastes",2022,10.1080/03601234.2022.2047563,"Perfluoroalkyl substances (PFASs) are anthropogenic compounds that exhibit ecotoxicity when discharged into the environment, causing increasing concern. An indoor experiment was conducted to investigate the effects of perfluoroalkyl carboxylic acids (PFCAs) and PFSAs on soil respiration, sucrase activity, and urease activity at 0, 7, 14, and 28 d for perfluorooctanoic acid (PFOA), perfluorohexanoic acid (PFHxA), and perfluorobutyric acid (PFBA), and at 14 and 28 d for perfluorooctane sulfonic ac",PFOA; PFOS; PFHxA; PFBS; PFHxS; PFBA,toxicity; toxic,,Perfluoroalkyl substances; chain length dependence; soil enzyme activity; soil respiration,
35013956,Mixed effects of perfluoroalkyl and polyfluoroalkyl substances exposure on cognitive function among people over 60 years old from NHANES.,Weng Xueqiong; Liang Huanzhu; Tan Yuxuan; Chen Jingmin; Fei Qiaoyuan,Environmental science and pollution research international,2022,10.1007/s11356-021-17789-5,"The relationship between perfluoroalkyl and polyfluoroalkyl substances (PFAS) and cognitive function are inconsistent, and the mixed effects of PFAS on cognitive function are still unclear. We aimed to evaluate the joint effects of PFAS on cognitive function assessed using four tests as follows: the Consortium to Establish a Registry for Alzheimer's Disease Immediate Recall Test (IRT), Delayed Recall Test (DRT), the Animal Fluency Test (AFT), and the Digit Symbol Substitution Test (DSST) in the ",PFOA,,,BKMR; Cognitive function; Elderly; Mixed effect; PFAS; Protective,
33026654,Per- and Polyfluoroalkyl Substances (PFAS) in Surface Water Near US Air Force Bases: Prioritizing Individual Chemicals and Mixtures for Toxicity Testing and Risk Assessment.,East Andrew; Anderson Richard H; Salice Christopher J,Environmental toxicology and chemistry,2021,10.1002/etc.4893,Per- and polyfluoroalkyl substances (PFAS) are a large class of persistent chemicals used for decades in industrial and commercial applications. A key challenge with regard to estimating potential risk to ecological (and human) receptors associated with PFAS exposure lies in the fact that there are many different PFAS compounds and several to many can co-occur in any given environmental sample. We applied a data science approach to characterize and prioritize PFAS and PFAS mixtures from a large ,PFOA; PFOS; PFHxA; PFHxS,toxicity; toxic,receptor,Data science; Ecological risk assessment; Ecotoxicology; Mixture toxicity,
39584959,Impact of Legacy Perfluorooctane Sulfonate (PFOS) and Perfluorooctanoate (PFOA) on GABA Receptor-Mediated Currents in Neuron-Like Neuroblastoma Cells: Insights into Neurotoxic Mechanisms and Health Implications.,Lagostena Laura; Rotondo Davide; Gualandris Davide; Calisi Antonio; Lorusso Candida,Journal of xenobiotics,2024,10.3390/jox14040094,"Perfluorooctane sulfonate (PFOS) and perfluorooctanoic acid (PFOA) are persistent environmental pollutants, raising concerns due to their widespread presence and disruptive biological effects. These compounds are highly stable, allowing them to bioaccumulate in the environment and living organisms, potentially impacting critical physiological functions such as hormonal balance, immune response, and increasing cancer risk. Despite regulatory restrictions, their pervasive nature necessitates furth",PFOA; PFOS,toxicity; toxic; cancer; immune,mechanism; receptor,GABAergic signaling; PFAS; electrophysiology; neurotoxicity; persistence; toxicology,"[摘要] Perfluorooctane sulfonate (PFOS) and perfluorooctanoic acid (PFOA) are persistent environmental pollutants, raising concerns due to their widespread presence and disruptive biological effects. These compounds are highly stable, allowing them to bioaccumulate in the environment and living organisms, potentially impacting critical physiological functions such as hormonal balance, immune response, and increasing cancer risk. Despite regulatory restrictions, their pervasive nature necessitates further research into their potential effects on cellular and neuronal function. This study first evaluated the cytotoxic effects of PFOS and PFOA on S1 neuroblastoma cells; a dose-dependent reduction in cell viability was revealed for PFOS, while PFOA exhibited minimal toxicity until millimolar concentrations. We further investigated their potential to modulate GABAergic neurotransmission using patch-clamp electrophysiology. Both PFOS and PFOA caused a significant but reversible reduction in GABA receptor-mediated currents following one-minute pre-treatment. These findings suggest that PFOS and PFOA can interfere with both cellular viability and GABAergic signaling, providing critical insights into their functional impacts and highlighting the need for further investigation into the long-term consequences of PFAS exposure on nervous system health.

[1. Introduction] Perfluorooctane sulfonate (PFOS) and perfluorooctanoate (PFOA) are notorious environmental contaminants that fall under the extensive category of per- and polyfluoroalkyl substances (PFAS). Renowned for their multiple industrial applications such as aqueous film forming foams (AFFFs), fluoropolymer resins, water- and stain-resistant additives, these chemicals have sparked growing alarm due to their extraordinary persistence in the environment, their ability to bioaccumulate in living organisms, and their potential for long term toxicity including cancer [

[1. Introduction] Furthermore, recent studies have detect"
35752307,"In vitro activity of a panel of per- and polyfluoroalkyl substances (PFAS), fatty acids, and pharmaceuticals in peroxisome proliferator-activated receptor (PPAR) alpha, PPAR gamma, and estrogen receptor assays.",Evans Nicola; Conley Justin M; Cardon Mary; Hartig Phillip; Medlock-Kakaley Elizabeth,Toxicology and applied pharmacology,2022,10.1016/j.taap.2022.116136,"Data demonstrate numerous per- and polyfluoroalkyl substances (PFAS) activate peroxisome proliferator-activated receptor alpha (PPARα), however, additional work is needed to characterize PFAS activity on PPAR gamma (PPARγ) and other nuclear receptors. We utilized in vitro assays with either human or rat PPARα or PPARγ ligand binding domains to evaluate 16 PFAS (HFPO-DA, HFPO-DA-AS, NBP2, PFMOAA, PFHxA, PFOA, PFNA, PFDA, PFOS, PFBS, PFHxS, PFOSA, EtPFOSA, and 4:2, 6:2 and 8:2 FTOH), 3 endogenous ",PFOA; PFOS; PFNA; PFDA; PFHxA; PFBS; PFHxS; HFPO-DA; FOSA,,receptor; activation; binding,Adverse outcome pathway; Bioactivity; GenX; Mechanism of action; Molecular initiating event,
38521043,Mixtures of per- and polyfluoroalkyl substances (PFAS) alter sperm methylation and long-term reprogramming of offspring liver and fat transcriptome.,Maxwell DruAnne L; Oluwayiose Oladele A; Houle Emily; Roth Katherine; Nowak Karolina,Environment international,2024,10.1016/j.envint.2024.108577,Male fertility has been declining worldwide especially in countries with high levels of endocrine disrupting chemicals (EDCs). Per- and polyfluorinated alkyl Substances (PFAS) have been classified as EDCs and have been linked to adverse male reproductive health. The mechanisms of these associations and their implications on offspring health remain unknown. The aims of the current study were to assess the effect of PFAS mixtures on the sperm methylome and transcriptional changes in offspring meta,PFOA; PFOS; PFNA; PFHxS; GenX,adverse; endocrine; liver; developmental,mechanism; pathway,Intergenerational; Metabolic Transcriptome; PFAS; Sperm Epigenetics; Sperm Methylome,
41161260,Risk assessment and distribution of PFAS in a biological phosphorus recovery sludge used for agriculture.,Ardiyanti Rizza; Azrague Kamal; Østerhus Stein W; Gonzales-Silva Blanca M; Asimakopoulos Alexandros G,Chemosphere,2025,10.1016/j.chemosphere.2025.144730,"The growing demand for phosphorus recovery from wastewater has increased interest in Enhanced Biological Phosphorus Removal (EBPR) processes. However, the fate of per- and polyfluoroalkyl substances (PFAS) in EBPR-derived biosolids remains poorly understood. This study investigated the adsorption behavior of four PFAS: perfluorooctanoic acid (PFOA), perfluorooctanesulfonic acid (PFOS), perfluorooctanesulfonamide (PFOSA), and perfluorotetradecanoic acid (PFTDA) in EBPR sludge and assessed the lon",PFOA; PFOS; FOSA,,,Adsorption; Distribution coefficient; EBPR sludge; PFAS; Phosphorus removal,
34985474,PFAS fate and destruction mechanisms during thermal treatment: a comprehensive review.,Longendyke Grace K; Katel Sebica; Wang Yuxin,Environmental science. Processes & impacts,2022,10.1039/d1em00465d,"Per- and polyfluoroalkyl substances (PFAS) are persistent chemicals and have been detected throughout the environment. Thermal treatment is the most common remediation approach for PFAS-contaminated solid wastes. Although various thermal treatment techniques have demonstrated the potential to destruct PFAS, the fate of PFAS, removal efficacy, potential emissions, and the formation of incomplete combustion products during thermal treatment are little known. This study provides a critical review o",PFOA; PFOS,,mechanism; pathway,,
38782768,Identifying novel mechanisms of per- and polyfluoroalkyl substance-induced hepatotoxicity using FRG humanized mice.,Robarts Dakota R; Paine-Cabrera Diego; Kotulkar Manasi; Venneman Kaitlyn K; Gunewardena Sumedha,Archives of toxicology,2024,10.1007/s00204-024-03789-0,"Per- and polyfluoroalkyl substances (PFAS) such as perfluorooctanoic acid (PFOA) and perfluorooctane sulfonic acid (PFOS) and perfluoro-2-methyl-3-oxahexanoic acid (GenX), the new replacement PFAS, are major environmental contaminants. In rodents, these PFAS induce several adverse effects on the liver, including increased proliferation, hepatomegaly, steatosis, hypercholesterolemia, nonalcoholic fatty liver disease and liver cancers. Activation of peroxisome proliferator receptor alpha by PFAS i",PFOA; PFOS; GenX,toxicity; toxic; adverse; cancer; liver,mechanism; receptor; activation; inhibition; binding,Circadian rhythm; GenX; Humanized mice; PFAS; PFOA; PFOS; RNA-Seq,
40806648,Perfluoroalkyl Substance (PFAS) Mixtures Drive Rheumatoid Arthritis Risk Through Immunosuppression: Integrating Epidemiology and Mechanistic Evidence.,Lv Yanming; Zhao Chunlong; Xiang Yi; Fu Wenhao; Li Jiaqi,International journal of molecular sciences,2025,10.3390/ijms26157518,"Perfluoroalkyl substances (PFASs) possess immunosuppressive properties. However, their association with rheumatoid arthritis (RA) risk remains inconclusive across epidemiological studies. This study integrates population-based and mechanistic evidence to clarify the relationship between PFAS exposure and RA. We analyzed 8743 U.S. adults from the NHANES (2005-2018), assessing individual and mixed exposures to PFOA, PFOS, PFNA, and PFHxS using multivariable logistic regression, Bayesian kernel mac",PFOA; PFOS; PFNA; PFHxS,toxic; immune,,Bayesian kernel machine regression (BKMR); NHANES; mixture exposure; molecular docking; perfluoroalkyl substances (PFAS); rheumatoid arthritis,
41086909,Synergistic toxicity of PFAS and microplastic mixtures across five human cell lines.,Sands Mia; Sachdeva Arshveer; Bukavina Laura; Irudayaraj Joseph,"Environmental pollution (Barking, Essex : 1987)",2025,10.1016/j.envpol.2025.127256,"Per- and polyfluoroalkyl substances and microplastics (MPs) are ubiquitous environmental contaminants that frequently co-occur in aquatic ecosystems and human exposure pathways. While their individual toxicities have been extensively studied, the combined effects of PFAS and MP co-exposure on human health remain poorly understood. This study evaluated cytotoxic, oxidative, and genotoxic responses in five human-derived cell lines-A498 (kidney), HepG2 (liver), PC3 (prostate), A431 (skin), and A549",PFOA; GenX,toxicity; toxic; liver,mechanism; pathway; oxidative stress; activation,DNA damage; Microplastics; Mixture; Oxidative stress; PFAS,
32271623,"Evaluation of Developmental Toxicity, Developmental Neurotoxicity, and Tissue Dose in Zebrafish Exposed to GenX and Other PFAS.",Gaballah Shaza; Swank Adam; Sobus Jon R; Howey Xia Meng; Schmid Judith,Environmental health perspectives,2020,10.1289/EHP5843,"Per- and polyfluoroalkyl substances (PFAS) are a diverse class of industrial chemicals with widespread environmental occurrence. Exposure to long-chain PFAS is associated with developmental toxicity, prompting their replacement with short-chain and fluoroether compounds. There is growing public concern over the safety of replacement PFAS.",GenX,toxicity; toxic; developmental,,,
36947184,A review of cardiovascular effects and underlying mechanisms of legacy and emerging per- and polyfluoroalkyl substances (PFAS).,Wen Zeng-Jin; Wei Yi-Jing; Zhang Yi-Fei; Zhang Yin-Feng,Archives of toxicology,2023,10.1007/s00204-023-03477-5,"Cardiovascular disease (CVD) poses the leading threats to human health and life, and their occurrence and severity are associated with exposure to environmental pollutants. Per- and polyfluoroalkyl substances (PFAS), a group of widely used industrial chemicals, are characterized by persistence, long-distance migration, bioaccumulation, and toxicity. Some PFAS, particularly perfluorooctane sulfonic acid (PFOS), perfluorooctanoic acid (PFOA) and perfluorohexanesulfonic acid (PFHxS), have been bann",PFOA; PFOS; PFHxS,toxicity; toxic; adverse,mechanism; pathway; oxidative stress,Cardiac toxicity; Dyslipidemia; Emerging PFAS alternative; Hypertension; Legacy PFAS; Vascular disorder,
37239886,Perfluoroalkyl Substances (PFAS) Affect Inflammation in Lung Cells and Tissues.,Dragon Julie; Hoaglund Michael; Badireddy Appala Raju; Nielsen Greylin; Schlezinger Jennifer,International journal of molecular sciences,2023,10.3390/ijms24108539,"Adverse lung outcomes from exposure to per-and polyfluoroalkyl substances (PFAS) are known; however, the mechanism of action is poorly understood. To explore this, human bronchial epithelial cells were grown and exposed to varied concentrations of short-chain (perfluorobutanoic acid, perflurobutane sulfonic acid and GenX) or long-chain (PFOA and perfluorooctane sulfonic acid (PFOS)) PFAS, alone or in a mixture to identify cytotoxic concentrations. Non-cytotoxic concentrations of PFAS from this e",PFOA; PFOS; GenX,toxic; adverse; immune,mechanism; activation,PFAS; inflammasome; inflammation; lung,
40609416,Assessing the effect of perfluoroalkyl and polyfluoroalkyl substances on cardiovascular-kidney-metabolic syndrome: Insights from an interpretable machine learning model.,Zheng Zidan; Xu Yuyan; Kang Ning; Dong Yiwen; Wang Xin,The Science of the total environment,2025,10.1016/j.scitotenv.2025.180003,"Cardiovascular-kidney-metabolic syndrome (CKM) and its association with exposure to emerging pollutants, particularly perfluoroalkyl and polyfluoroalkyl substances (PFAS), present significant challenges for environmental public health and risk prediction. This study utilized cross-sectional data from the National Health and Nutrition Examination Survey (NHANES), conducted from 2015 to 2020, involving a total of 1953 participants. The diagnosis and staging of CKM were performed according to the d",PFOS,,,Cardiovascular-kidney-metabolic syndrome; Machine learning; National health and nutrition examination survey; Perfluoroalkyl and polyfluoroalkyl substances; Risk assessment,
36628859,Internal relative potency factors based on immunotoxicity for the risk assessment of mixtures of per- and polyfluoroalkyl substances (PFAS) in human biomonitoring.,Bil Wieneke; Ehrlich Veronika; Chen Guangchao; Vandebriel Rob; Zeilmaker Marco,Environment international,2023,10.1016/j.envint.2022.107727,"Relative potency factors (RPFs) for per- and polyfluoroalkyl substances (PFAS) have previously been derived based on liver effects in rodents for the purpose of performing mixture risk assessment with primary input from biomonitoring studies. However, in 2020, EFSA established a tolerable weekly intake for four PFAS assuming equal toxic potency for immune suppressive effects in humans. In this study we explored the possibility of deriving RPFs for immune suppressive effects using available data ",PFOA; PFOS; PFNA; PFDA; PFHxA; PFBS; PFHxS,toxicity; toxic; immune; liver,,Chemical mixtures; HBM4EU; Human biomonitoring; Immunotoxicity; PFAS; Relative potency factor; Risk assessment,
41666250,Structural Insights into PFAS-β-Lactoglobulin-Binding Mechanism Mediating PFAS Toxicity.,Verma Shalja; Singh Anika; Ramirez Orozco Randhal S; Vukovic Lela; Narayan Mahesh,Biochemistry,2026,10.1021/acs.biochem.5c00606,"The strong, polar covalent nature of C-F bonds contributes to the permanent nature of per- and polyfluoroalkyl substances (PFAS). PFAS are toxic to humans. Here, we have examined the ability of the small, globular milk protein β-lactoglobulin to bind PFAS. This protein transports hydrophobic and amphiphilic compounds, including retinol and fatty acids, for vision and brain development; therefore, understanding its interactions with PFAS is significant. The crystal structures of β-lactoglobulin c",PFOA; PFOS; PFDA,toxicity; toxic,mechanism; binding,,
40728694,Per- and Polyfluoroalkyl Substances (PFAS) Enhance Cholesterol Accumulation and Dysregulate Inflammatory Responses in Macrophages.,Connolly Jack C; Ishihara Yasuhiro; Sawaya Emma; Whitfield Valerie; Garrity Nicole,Cardiovascular toxicology,2025,10.1007/s12012-025-10048-w,"Epidemiological studies and in vivo animal models have shown that exposure to PFAS can lead to cardiovascular toxicity and promote atherosclerosis. In this study, we explored the effects of PFOA and PFOS exposure on lipid accumulation in macrophages and analyzed critical markers of foam cell formation, which are early precursors of atherosclerotic lesions. Our results demonstrate that PFOS and PFOA enhance lipid and cholesterol accumulation in human U937-derived macrophages, which is characteris",PFOA; PFOS,toxicity; toxic; immune,oxidative stress; receptor,Cardiovascular disease; Cytokines; Foam cells; Lipids; Macrophages; PFAS; PPAR; SARS-CoV-2,
36731186,High-content analysis shows synergistic effects of low perfluorooctanoic acid (PFOS) and perfluorooctane sulfonic acid (PFOA) mixture concentrations on human breast epithelial cell carcinogenesis.,Pierozan Paula; Kosnik Marissa; Karlsson Oskar,Environment international,2023,10.1016/j.envint.2023.107746,"Perfluoroalkyl substances (PFAS) have been associated with cancer, but the potential underlying mechanisms need to be further elucidated and include studies of PFAS mixtures. This mechanistic study revealed that very low concentrations (500 pM) of the binary PFOS and PFOA mixture induced synergistic effects on human epithelial breast cell (MCF-10A) proliferation. The cell proliferation was mediated by pregnane X receptor (PXR) activation, an increase in cyclin D1 and CDK6/4 levels, decrease in p",PFOA; PFOS,toxic; cancer,mechanism; oxidative stress; receptor; activation,Breast cancer; Cell invasion; Cell painting; Chemical mixture; Cocktail effect; Epigenetics; High-content screening; Histone modifications; Mixture toxicology; NAMs; Oxidative stress; PFAS; PXR,
40658020,"PFAS in animal by-products in Lanzhou, China, and health risk assessment.",Cheng Yan; Gao Xiangna; Liu Deng; Yu Haiying; Li Yongjun,"Food additives & contaminants. Part B, Surveillance",2025,10.1080/19393210.2025.2521659,"Per- and polyfluoroalkyl substances (PFAS) are an emerging class of organic compounds that are widely used in industrial production and therefore can be found in the environment. Dietary intake is the main route of human exposure to PFAS, especially in animal-derived foods. In this study, 25 PFAS compounds were determined in 234 animal by-products sold in Lanzhou City, China, by LC-MS/MS. In total 22 PFAS compounds were detected, among which PFBA and PFOS were detected most frequently, with aver",PFOS; PFBA,liver,,Perfluorinated compounds; animal by-products; animal offal,
41307504,"A Critical Review of PFAS Analysis, Occurrence, and Fate in Wastewater Treatment Plants.",Liu Juhe; Charbonnet Joseph A,Environmental science & technology,2025,10.1021/acs.est.5c09949,"Wastewater treatment plants (WWTPs) receive per- and polyfluoroalkyl substances (PFAS)-containing waste streams including municipal sewage, industrial waste, landfill leachate, and firefighting wastewater. The widespread use of PFAS in commercial and industrial applications results in complex mixtures entering WWTPs. Given the centrality of WWTPs to the cycling of these harmful contaminants, comprehensive identification and quantification of PFAS in WWTPs is an essential research topic. Herein w",PFOA; PFOS,,,adsorption; global distribution; publicly owned treatment works (POTW); transformation; water resource recovery facility (WRRF),
38914254,Emerging perfluoroalkyl substances retard skeletal growth by accelerating osteoblasts senescence via ferroptosis.,Wang Xinglong; Wang Kehan; Mao Wenwen; Fan Zhencheng; Liu Tingting,Environmental research,2024,10.1016/j.envres.2024.119483,"Due to the persistent nature and significant negative impacts of perfluorooctanoic acid (PFOA) on human health and other organisms, the emergence of new PFOA alternatives, such as perfluoro (2-methyl-3-oxhexanoic) acid (GenX) and perfluoro-3,6,9-trioxyundecanoic acid (PFO3TDA), have drawn significant attention. However, the toxic effects of PFOA and its substitutes on bones remain limited. In this study, we administered different concentrations of PFOA, GenX, and PFO3TDA via gavage to 3-week-old",PFOA; GenX,toxic,,Ferroptosis; GenX; PFO3TDA; PFOA; Senescence,
36610509,Contact to perfluoroalkyl substances and thyroid health effects: A meta-analysis directing on pregnancy.,Zhang Lei; Liang Jiayi; Gao Ai,Chemosphere,2023,10.1016/j.chemosphere.2023.137748,"In vivo, in vitro, and epidemiological evidence suggests that perfluoroalkyl substances (PFAS) may alter thyroid function in human health, with negative effects on maternal and fetal development outcomes. However, data on the effects of PFAS on thyroid hormones remain controversial. Here, we conducted a meta-analysis of 13 eligible studies searched from Embase, PubMed, and Web of Science by July 10, 2022, to explore the relationship between maternal exposure to PFAS and thyroid health effects, i",PFOA; PFOS; PFDA,health effect; thyroid,,Meta-analysis; Perfluoroalkyl substances; Pregnant woman; Thyroid hormone,
39278030,"Legacy and alternative per- and polyfluoroalkyl substances spatiotemporal distribution in China: Human exposure, environmental media, and risk assessment.",Li Jing; Duan Wenjing; An Ziwen; Jiang Zexuan; Li Longfei,Journal of hazardous materials,2024,10.1016/j.jhazmat.2024.135795,"In recent decades, China's rapid development has led to significant environmental pollution from the widespread use of chemical products. Per- and polyfluoroalkyl substances (PFAS) are among the most concerning pollutants due to their persistence and bioaccumulation. This article assesses PFAS exposure levels, distribution, and health risks in Chinese blood, environment, and food. Out of 4037 papers retrieved from November 2022 to December 31, 2023, 351 articles met the criteria. Findings show p",PFOA; PFOS,,,Exposure levels; Per- and polyfluoroalkyl substances; Spatial distribution; Temporal distribution,
40024759,"Per- and polyfluoroalkyl substances: toxicokinetics, exposure and health risks.",Fujii Yukiko; Harada Kouji H,The Journal of toxicological sciences,2025,10.2131/jts.50.97,"Per- and polyfluoroalkyl substances (PFAS) are a group of chemicals containing stable per- or polyfluoroalkyl groups. Recent epidemiological studies have shown that PFAS cause health risks even at low concentrations. This review outlines the toxicokinetics, exposure and health risks of PFAS, with a focus on perfluorooctane sulfonic acid (PFOS), perfluorooctanoic acid (PFOA), and long-chain perfluoroalkyl carboxylic acids (LC-PFCAs). These compounds are known to interact with various proteins in ",PFOA; PFOS,toxicity; toxic; liver,receptor,PFCA; PFOA; PFOS; Perfluorooctane sulfonic acid; Perfluorooctanoic acid; Toxicity,
34373583,Computational estimates of daily aggregate exposure to PFOA/PFOS from 2011 to 2017 using a basic intake model.,East Alexander; Egeghy Peter P; Hubal Elaine A Cohen; Slover Rachel; Vallero Daniel A,Journal of exposure science & environmental epidemiology,2023,10.1038/s41370-021-00374-w,"Human exposure to per- and polyfluoroalkyl substances has been modeled to estimate serum concentrations. Given that the production and use of these compounds have decreased in recent years, especially PFOA and PFOS, and that additional concentration data have become available from the US and other industrialized countries over the past decade, aggregate median intakes of these two compounds were estimated using more recent data.",PFOA; PFOS,,,Aggregate daily; Exposure model; PFOA; PFOS,
35063834,Occurrence and fate of poly- and perfluoroalkyl substances (PFAS) in urban waters of New Zealand.,Lenka Swadhina Priyadarshini; Kah Melanie; Padhye Lokesh P,Journal of hazardous materials,2022,10.1016/j.jhazmat.2022.128257,"Information on the occurrence of PFAS in aquatic matrices of countries with no PFAS manufacturing, e.g., New Zealand, is limited. Also, the fingerprint of PFAS along an urban water cycle, following water path from wastewater treatment plant (WWTP) effluent to treated drinking water has not been widely assessed. Hence, 38 long-, short-, ultrashort-chain PFAS and fluorinated alternatives (including precursors) were monitored in this study by collecting composite samples from two urban WWTPs of New",PFOS; PFHxA,,,Coastal water; DWTP; PFPrA; Precursors; Short-chain PFCAs; Ultrashort-chain PFAS; WWTP,
39286118,Exploring the environmental contamination toxicity and potential carcinogenic pathways of perfluorinated and polyfluoroalkyl substances (PFAS): An integrated network toxicology and molecular docking strategy.,Lin Zhi; Li Yvmo; Zhao Jiarui; Li Jun; Pan Shuang,Heliyon,2024,10.1016/j.heliyon.2024.e37003,"The objective of this study was to investigate the potential carcinogenic toxicity and mechanisms of PFAS in thyroid, renal, and testicular cancers base on network toxicology and molecular docking techniques. Structural modeling was performed to predict relevant toxicity information, and compounds and cancer-related targets were screened in multiple databases. The interaction of PFAS with three cancers and their key protein targets were explored by combining protein network analysis, enrichment ",PFOA; PFOS; PFHxS,toxicity; toxic; cancer; thyroid,mechanism; pathway; receptor; activation,Carcinogenic pathways; Molecular docking; Network toxicology; PFAS,
