pmid,title,journal,year,compound,endpoint,activity,evidence
40317014,Decoding per- and polyfluoroalkyl substances (PFAS) in hepatocellular carcinoma:,Journal of translational medicine,2025,PFOA,NR-AR,1.0,"positive_kw=3, negative_kw=0"
40317014,Decoding per- and polyfluoroalkyl substances (PFAS) in hepatocellular carcinoma:,Journal of translational medicine,2025,PFOA,hepatotoxicity,1.0,"positive_kw=3, negative_kw=0"
40317014,Decoding per- and polyfluoroalkyl substances (PFAS) in hepatocellular carcinoma:,Journal of translational medicine,2025,PFOS,NR-AR,1.0,"positive_kw=3, negative_kw=0"
40317014,Decoding per- and polyfluoroalkyl substances (PFAS) in hepatocellular carcinoma:,Journal of translational medicine,2025,PFOS,hepatotoxicity,1.0,"positive_kw=3, negative_kw=0"
40359556,Unraveling the molecular mechanisms of PFOA in clear cell renal cell carcinoma t,"International journal of surgery (London, England)",2025,PFOA,NR-AR,1.0,"positive_kw=4, negative_kw=0"
40359556,Unraveling the molecular mechanisms of PFOA in clear cell renal cell carcinoma t,"International journal of surgery (London, England)",2025,PFOA,hepatotoxicity,1.0,"positive_kw=4, negative_kw=0"
40367801,Integrative network and computational toxicology reveal the molecular mechanisms,Journal of environmental management,2025,PFOA,NR-AR,1.0,"positive_kw=3, negative_kw=0"
40367801,Integrative network and computational toxicology reveal the molecular mechanisms,Journal of environmental management,2025,PFOA,hepatotoxicity,1.0,"positive_kw=3, negative_kw=0"
33751946,Epigenetic changes by per- and polyfluoroalkyl substances (PFAS).,"Environmental pollution (Barking, Essex : 1987)",2021,PFOA,hepatotoxicity,1.0,"positive_kw=3, negative_kw=0"
33751946,Epigenetic changes by per- and polyfluoroalkyl substances (PFAS).,"Environmental pollution (Barking, Essex : 1987)",2021,PFOS,hepatotoxicity,1.0,"positive_kw=3, negative_kw=0"
40465018,Analyzing the potential targets and mechanism of per- and polyfluoroalkyl substa,Functional & integrative genomics,2025,PFOA,NR-AR,1.0,"positive_kw=6, negative_kw=0"
40465018,Analyzing the potential targets and mechanism of per- and polyfluoroalkyl substa,Functional & integrative genomics,2025,PFOA,hepatotoxicity,1.0,"positive_kw=6, negative_kw=0"
40465018,Analyzing the potential targets and mechanism of per- and polyfluoroalkyl substa,Functional & integrative genomics,2025,PFOA,immunotoxicity,1.0,"positive_kw=6, negative_kw=0"
40465018,Analyzing the potential targets and mechanism of per- and polyfluoroalkyl substa,Functional & integrative genomics,2025,PFOS,NR-AR,1.0,"positive_kw=6, negative_kw=0"
40465018,Analyzing the potential targets and mechanism of per- and polyfluoroalkyl substa,Functional & integrative genomics,2025,PFOS,hepatotoxicity,1.0,"positive_kw=6, negative_kw=0"
40465018,Analyzing the potential targets and mechanism of per- and polyfluoroalkyl substa,Functional & integrative genomics,2025,PFOS,immunotoxicity,1.0,"positive_kw=6, negative_kw=0"
39286118,Exploring the environmental contamination toxicity and potential carcinogenic pa,Heliyon,2024,PFOA,NR-AR,1.0,"positive_kw=4, negative_kw=0"
39286118,Exploring the environmental contamination toxicity and potential carcinogenic pa,Heliyon,2024,PFOA,hepatotoxicity,1.0,"positive_kw=4, negative_kw=0"
39286118,Exploring the environmental contamination toxicity and potential carcinogenic pa,Heliyon,2024,PFOA,endocrine,1.0,"positive_kw=4, negative_kw=0"
39286118,Exploring the environmental contamination toxicity and potential carcinogenic pa,Heliyon,2024,PFOS,NR-AR,1.0,"positive_kw=4, negative_kw=0"
39286118,Exploring the environmental contamination toxicity and potential carcinogenic pa,Heliyon,2024,PFOS,hepatotoxicity,1.0,"positive_kw=4, negative_kw=0"
39286118,Exploring the environmental contamination toxicity and potential carcinogenic pa,Heliyon,2024,PFOS,endocrine,1.0,"positive_kw=4, negative_kw=0"
39286118,Exploring the environmental contamination toxicity and potential carcinogenic pa,Heliyon,2024,PFHxS,NR-AR,1.0,"positive_kw=4, negative_kw=0"
39286118,Exploring the environmental contamination toxicity and potential carcinogenic pa,Heliyon,2024,PFHxS,hepatotoxicity,1.0,"positive_kw=4, negative_kw=0"
39286118,Exploring the environmental contamination toxicity and potential carcinogenic pa,Heliyon,2024,PFHxS,endocrine,1.0,"positive_kw=4, negative_kw=0"
35752307,"In vitro activity of a panel of per- and polyfluoroalkyl substances (PFAS), fatt",Toxicology and applied pharmacology,2022,PFOA,NR-AR,1.0,"positive_kw=1, negative_kw=0"
35752307,"In vitro activity of a panel of per- and polyfluoroalkyl substances (PFAS), fatt",Toxicology and applied pharmacology,2022,PFOS,NR-AR,1.0,"positive_kw=1, negative_kw=0"
35752307,"In vitro activity of a panel of per- and polyfluoroalkyl substances (PFAS), fatt",Toxicology and applied pharmacology,2022,PFNA,NR-AR,1.0,"positive_kw=1, negative_kw=0"
35752307,"In vitro activity of a panel of per- and polyfluoroalkyl substances (PFAS), fatt",Toxicology and applied pharmacology,2022,PFDA,NR-AR,1.0,"positive_kw=1, negative_kw=0"
35752307,"In vitro activity of a panel of per- and polyfluoroalkyl substances (PFAS), fatt",Toxicology and applied pharmacology,2022,PFHxA,NR-AR,1.0,"positive_kw=1, negative_kw=0"
35752307,"In vitro activity of a panel of per- and polyfluoroalkyl substances (PFAS), fatt",Toxicology and applied pharmacology,2022,PFBS,NR-AR,1.0,"positive_kw=1, negative_kw=0"
35752307,"In vitro activity of a panel of per- and polyfluoroalkyl substances (PFAS), fatt",Toxicology and applied pharmacology,2022,PFHxS,NR-AR,1.0,"positive_kw=1, negative_kw=0"
35752307,"In vitro activity of a panel of per- and polyfluoroalkyl substances (PFAS), fatt",Toxicology and applied pharmacology,2022,GenX,NR-AR,1.0,"positive_kw=1, negative_kw=0"
40580631,Multi-level evidence reveals PANK2 as a potential target of PFOA/PFOS-induced bo,Ecotoxicology and environmental safety,2025,PFOA,NR-AR,1.0,"positive_kw=2, negative_kw=0"
40580631,Multi-level evidence reveals PANK2 as a potential target of PFOA/PFOS-induced bo,Ecotoxicology and environmental safety,2025,PFOA,hepatotoxicity,1.0,"positive_kw=2, negative_kw=0"
40580631,Multi-level evidence reveals PANK2 as a potential target of PFOA/PFOS-induced bo,Ecotoxicology and environmental safety,2025,PFOS,NR-AR,1.0,"positive_kw=2, negative_kw=0"
40580631,Multi-level evidence reveals PANK2 as a potential target of PFOA/PFOS-induced bo,Ecotoxicology and environmental safety,2025,PFOS,hepatotoxicity,1.0,"positive_kw=2, negative_kw=0"
40925179,"Integration of network toxicology, machine learning and single-cell sequencing r",Ecotoxicology and environmental safety,2025,PFOA,NR-AR,1.0,"positive_kw=3, negative_kw=0"
40925179,"Integration of network toxicology, machine learning and single-cell sequencing r",Ecotoxicology and environmental safety,2025,PFOS,NR-AR,1.0,"positive_kw=3, negative_kw=0"
39492895,Analyzing the impact of perfluorooctanoic acid (PFOA) and perfluorooctane sulfon,Heliyon,2024,PFOA,NR-AR,1.0,"positive_kw=2, negative_kw=0"
39492895,Analyzing the impact of perfluorooctanoic acid (PFOA) and perfluorooctane sulfon,Heliyon,2024,PFOS,NR-AR,1.0,"positive_kw=2, negative_kw=0"
40806648,Perfluoroalkyl Substance (PFAS) Mixtures Drive Rheumatoid Arthritis Risk Through,International journal of molecular sciences,2025,PFOA,NR-AR,1.0,"positive_kw=5, negative_kw=0"
40806648,Perfluoroalkyl Substance (PFAS) Mixtures Drive Rheumatoid Arthritis Risk Through,International journal of molecular sciences,2025,PFOA,immunotoxicity,1.0,"positive_kw=5, negative_kw=0"
40806648,Perfluoroalkyl Substance (PFAS) Mixtures Drive Rheumatoid Arthritis Risk Through,International journal of molecular sciences,2025,PFOS,NR-AR,1.0,"positive_kw=5, negative_kw=0"
40806648,Perfluoroalkyl Substance (PFAS) Mixtures Drive Rheumatoid Arthritis Risk Through,International journal of molecular sciences,2025,PFOS,immunotoxicity,1.0,"positive_kw=5, negative_kw=0"
40806648,Perfluoroalkyl Substance (PFAS) Mixtures Drive Rheumatoid Arthritis Risk Through,International journal of molecular sciences,2025,PFNA,NR-AR,1.0,"positive_kw=5, negative_kw=0"
40806648,Perfluoroalkyl Substance (PFAS) Mixtures Drive Rheumatoid Arthritis Risk Through,International journal of molecular sciences,2025,PFNA,immunotoxicity,1.0,"positive_kw=5, negative_kw=0"
40806648,Perfluoroalkyl Substance (PFAS) Mixtures Drive Rheumatoid Arthritis Risk Through,International journal of molecular sciences,2025,PFHxS,NR-AR,1.0,"positive_kw=5, negative_kw=0"
40806648,Perfluoroalkyl Substance (PFAS) Mixtures Drive Rheumatoid Arthritis Risk Through,International journal of molecular sciences,2025,PFHxS,immunotoxicity,1.0,"positive_kw=5, negative_kw=0"
40784096,PFOA exposure promotes prostate cancer progression by enhancing autophagy throug,Ecotoxicology and environmental safety,2025,PFOA,NR-AR,,"positive_kw=0, negative_kw=0"
40784096,PFOA exposure promotes prostate cancer progression by enhancing autophagy throug,Ecotoxicology and environmental safety,2025,PFOA,hepatotoxicity,,"positive_kw=0, negative_kw=0"
41151691,Network toxicology and molecular simulation identify key genes and pathways in P,"Reproductive toxicology (Elmsford, N.Y.)",2025,PFOA,NR-AR,1.0,"positive_kw=2, negative_kw=0"
41151691,Network toxicology and molecular simulation identify key genes and pathways in P,"Reproductive toxicology (Elmsford, N.Y.)",2025,PFOS,NR-AR,1.0,"positive_kw=2, negative_kw=0"
38400646,Exposure to per- and polyfluoroalkyl substances and breast cancer risk: a system,American journal of epidemiology,2024,PFOA,hepatotoxicity,1.0,"positive_kw=4, negative_kw=0"
38400646,Exposure to per- and polyfluoroalkyl substances and breast cancer risk: a system,American journal of epidemiology,2024,PFOS,hepatotoxicity,1.0,"positive_kw=4, negative_kw=0"
36731186,High-content analysis shows synergistic effects of low perfluorooctanoic acid (P,Environment international,2023,PFOA,hepatotoxicity,1.0,"positive_kw=4, negative_kw=0"
36731186,High-content analysis shows synergistic effects of low perfluorooctanoic acid (P,Environment international,2023,PFOS,hepatotoxicity,1.0,"positive_kw=4, negative_kw=0"
41492385,Per- and polyfluoroalkyl substances exposure and endometriosis risk: Evidence fr,iScience,2025,PFOA,NR-AR,1.0,"positive_kw=4, negative_kw=0"
41492385,Per- and polyfluoroalkyl substances exposure and endometriosis risk: Evidence fr,iScience,2025,PFOA,hepatotoxicity,1.0,"positive_kw=4, negative_kw=0"
41492385,Per- and polyfluoroalkyl substances exposure and endometriosis risk: Evidence fr,iScience,2025,PFOA,endocrine,1.0,"positive_kw=4, negative_kw=0"
41492385,Per- and polyfluoroalkyl substances exposure and endometriosis risk: Evidence fr,iScience,2025,PFOS,NR-AR,1.0,"positive_kw=4, negative_kw=0"
41492385,Per- and polyfluoroalkyl substances exposure and endometriosis risk: Evidence fr,iScience,2025,PFOS,hepatotoxicity,1.0,"positive_kw=4, negative_kw=0"
41492385,Per- and polyfluoroalkyl substances exposure and endometriosis risk: Evidence fr,iScience,2025,PFOS,endocrine,1.0,"positive_kw=4, negative_kw=0"
38092172,Assessment of endocrine disruptor impacts on lipid metabolism in a fatty acid-su,Chemosphere,2024,PFOA,NR-AR,1.0,"positive_kw=3, negative_kw=0"
38092172,Assessment of endocrine disruptor impacts on lipid metabolism in a fatty acid-su,Chemosphere,2024,PFOA,hepatotoxicity,1.0,"positive_kw=3, negative_kw=0"
38092172,Assessment of endocrine disruptor impacts on lipid metabolism in a fatty acid-su,Chemosphere,2024,PFOA,endocrine,1.0,"positive_kw=3, negative_kw=0"
38092172,Assessment of endocrine disruptor impacts on lipid metabolism in a fatty acid-su,Chemosphere,2024,PFOS,NR-AR,1.0,"positive_kw=3, negative_kw=0"
38092172,Assessment of endocrine disruptor impacts on lipid metabolism in a fatty acid-su,Chemosphere,2024,PFOS,hepatotoxicity,1.0,"positive_kw=3, negative_kw=0"
38092172,Assessment of endocrine disruptor impacts on lipid metabolism in a fatty acid-su,Chemosphere,2024,PFOS,endocrine,1.0,"positive_kw=3, negative_kw=0"
40691870,Predicting the mechanisms and targets of PFOA nephrotoxicity via network toxicol,Toxicology mechanisms and methods,2025,PFOA,NR-AR,1.0,"positive_kw=3, negative_kw=0"
40691870,Predicting the mechanisms and targets of PFOA nephrotoxicity via network toxicol,Toxicology mechanisms and methods,2025,PFOA,hepatotoxicity,1.0,"positive_kw=3, negative_kw=0"
40691870,Predicting the mechanisms and targets of PFOA nephrotoxicity via network toxicol,Toxicology mechanisms and methods,2025,PFOA,immunotoxicity,1.0,"positive_kw=3, negative_kw=0"
41108957,Perfluorooctanesulfonic acid (PFOS) exposure and multiple sclerosis: Evidence of,Ecotoxicology and environmental safety,2025,PFOA,NR-AR,1.0,"positive_kw=4, negative_kw=0"
41108957,Perfluorooctanesulfonic acid (PFOS) exposure and multiple sclerosis: Evidence of,Ecotoxicology and environmental safety,2025,PFOA,immunotoxicity,1.0,"positive_kw=4, negative_kw=0"
41108957,Perfluorooctanesulfonic acid (PFOS) exposure and multiple sclerosis: Evidence of,Ecotoxicology and environmental safety,2025,PFOS,NR-AR,1.0,"positive_kw=4, negative_kw=0"
41108957,Perfluorooctanesulfonic acid (PFOS) exposure and multiple sclerosis: Evidence of,Ecotoxicology and environmental safety,2025,PFOS,immunotoxicity,1.0,"positive_kw=4, negative_kw=0"
39512894,Per-and polyfluoroalkyl substances and disrupted sleep: mediating roles of prote,Environmental advances,2024,PFOA,immunotoxicity,1.0,"positive_kw=4, negative_kw=0"
39512894,Per-and polyfluoroalkyl substances and disrupted sleep: mediating roles of prote,Environmental advances,2024,PFOS,immunotoxicity,1.0,"positive_kw=4, negative_kw=0"
39512894,Per-and polyfluoroalkyl substances and disrupted sleep: mediating roles of prote,Environmental advances,2024,PFNA,immunotoxicity,1.0,"positive_kw=4, negative_kw=0"
39512894,Per-and polyfluoroalkyl substances and disrupted sleep: mediating roles of prote,Environmental advances,2024,PFDA,immunotoxicity,1.0,"positive_kw=4, negative_kw=0"
39512894,Per-and polyfluoroalkyl substances and disrupted sleep: mediating roles of prote,Environmental advances,2024,PFHxS,immunotoxicity,1.0,"positive_kw=4, negative_kw=0"
36801483,"Embryonic exposure to PFAS causes long-term, compound-specific behavioral altera",Neurotoxicology and teratology,2023,PFOA,hepatotoxicity,1.0,"positive_kw=5, negative_kw=0"
36801483,"Embryonic exposure to PFAS causes long-term, compound-specific behavioral altera",Neurotoxicology and teratology,2023,PFOS,hepatotoxicity,1.0,"positive_kw=5, negative_kw=0"
39182754,Asthma and decreased lung function in children exposed to perfluoroalkyl and pol,Environmental research,2024,PFOA,hepatotoxicity,1.0,"positive_kw=3, negative_kw=0"
39182754,Asthma and decreased lung function in children exposed to perfluoroalkyl and pol,Environmental research,2024,PFOS,hepatotoxicity,1.0,"positive_kw=3, negative_kw=0"
28617200,Exposure to PFOA and PFOS and fetal growth: a critical merging of toxicological ,Critical reviews in toxicology,2017,PFOA,NR-AR,1.0,"positive_kw=4, negative_kw=0"
28617200,Exposure to PFOA and PFOS and fetal growth: a critical merging of toxicological ,Critical reviews in toxicology,2017,PFOA,developmental,1.0,"positive_kw=4, negative_kw=0"
28617200,Exposure to PFOA and PFOS and fetal growth: a critical merging of toxicological ,Critical reviews in toxicology,2017,PFOS,NR-AR,1.0,"positive_kw=4, negative_kw=0"
28617200,Exposure to PFOA and PFOS and fetal growth: a critical merging of toxicological ,Critical reviews in toxicology,2017,PFOS,developmental,1.0,"positive_kw=4, negative_kw=0"
37027489,Lipidomic Profiling of PFOA-Exposed Mouse Liver by Multi-Modal Mass Spectrometry,Analytical chemistry,2023,PFOA,NR-AR,1.0,"positive_kw=4, negative_kw=0"
37027489,Lipidomic Profiling of PFOA-Exposed Mouse Liver by Multi-Modal Mass Spectrometry,Analytical chemistry,2023,PFOA,hepatotoxicity,1.0,"positive_kw=4, negative_kw=0"
38652827,In vitro evaluation of the carcinogenic potential of perfluorinated chemicals.,ALTEX,2024,PFOA,NR-AR,1.0,"positive_kw=5, negative_kw=0"
38652827,In vitro evaluation of the carcinogenic potential of perfluorinated chemicals.,ALTEX,2024,PFOA,hepatotoxicity,1.0,"positive_kw=5, negative_kw=0"
38652827,In vitro evaluation of the carcinogenic potential of perfluorinated chemicals.,ALTEX,2024,PFOS,NR-AR,1.0,"positive_kw=5, negative_kw=0"
38652827,In vitro evaluation of the carcinogenic potential of perfluorinated chemicals.,ALTEX,2024,PFOS,hepatotoxicity,1.0,"positive_kw=5, negative_kw=0"
40079289,"[«PFAS», pollutants in the spotlight].",Revue medicale de Liege,2025,PFOA,NR-AR,1.0,"positive_kw=2, negative_kw=0"
40079289,"[«PFAS», pollutants in the spotlight].",Revue medicale de Liege,2025,PFOA,hepatotoxicity,1.0,"positive_kw=2, negative_kw=0"
40079289,"[«PFAS», pollutants in the spotlight].",Revue medicale de Liege,2025,PFOA,developmental,1.0,"positive_kw=2, negative_kw=0"
40079289,"[«PFAS», pollutants in the spotlight].",Revue medicale de Liege,2025,PFOS,NR-AR,1.0,"positive_kw=2, negative_kw=0"
40079289,"[«PFAS», pollutants in the spotlight].",Revue medicale de Liege,2025,PFOS,hepatotoxicity,1.0,"positive_kw=2, negative_kw=0"
40079289,"[«PFAS», pollutants in the spotlight].",Revue medicale de Liege,2025,PFOS,developmental,1.0,"positive_kw=2, negative_kw=0"
40500729,Suppression effect of folate on poly- and perfluoroalkyl substance-induced alter,Lipids in health and disease,2025,PFOA,NR-AR,1.0,"positive_kw=4, negative_kw=0"
40500729,Suppression effect of folate on poly- and perfluoroalkyl substance-induced alter,Lipids in health and disease,2025,PFOA,hepatotoxicity,1.0,"positive_kw=4, negative_kw=0"
40500729,Suppression effect of folate on poly- and perfluoroalkyl substance-induced alter,Lipids in health and disease,2025,PFOS,NR-AR,1.0,"positive_kw=4, negative_kw=0"
40500729,Suppression effect of folate on poly- and perfluoroalkyl substance-induced alter,Lipids in health and disease,2025,PFOS,hepatotoxicity,1.0,"positive_kw=4, negative_kw=0"
40500729,Suppression effect of folate on poly- and perfluoroalkyl substance-induced alter,Lipids in health and disease,2025,PFNA,NR-AR,1.0,"positive_kw=4, negative_kw=0"
40500729,Suppression effect of folate on poly- and perfluoroalkyl substance-induced alter,Lipids in health and disease,2025,PFNA,hepatotoxicity,1.0,"positive_kw=4, negative_kw=0"
40500729,Suppression effect of folate on poly- and perfluoroalkyl substance-induced alter,Lipids in health and disease,2025,PFHxS,NR-AR,1.0,"positive_kw=4, negative_kw=0"
40500729,Suppression effect of folate on poly- and perfluoroalkyl substance-induced alter,Lipids in health and disease,2025,PFHxS,hepatotoxicity,1.0,"positive_kw=4, negative_kw=0"
40891830,"Letter to the Editor: ""Unraveling the molecular mechanisms of PFOA in clear cell","International journal of surgery (London, England)",2025,PFOA,NR-AR,1.0,"positive_kw=1, negative_kw=0"
35026182,Framework for risk assessment of PFAS utilizing experimental studies and in-sili,Environmental research,2022,PFOA,hepatotoxicity,1.0,"positive_kw=2, negative_kw=0"
35026182,Framework for risk assessment of PFAS utilizing experimental studies and in-sili,Environmental research,2022,PFOS,hepatotoxicity,1.0,"positive_kw=2, negative_kw=0"
41083578,Investigation of the toxicological effects of PFAS on cholangiocarcinoma based o,Scientific reports,2025,PFOA,NR-AR,1.0,"positive_kw=3, negative_kw=0"
41083578,Investigation of the toxicological effects of PFAS on cholangiocarcinoma based o,Scientific reports,2025,PFOS,NR-AR,1.0,"positive_kw=3, negative_kw=0"
30248109,Rubella immunity and serum perfluoroalkyl substances: Sex and analytic strategy.,PloS one,2018,PFOA,hepatotoxicity,1.0,"positive_kw=4, negative_kw=1"
30248109,Rubella immunity and serum perfluoroalkyl substances: Sex and analytic strategy.,PloS one,2018,PFOA,immunotoxicity,1.0,"positive_kw=4, negative_kw=1"
30248109,Rubella immunity and serum perfluoroalkyl substances: Sex and analytic strategy.,PloS one,2018,PFOS,hepatotoxicity,1.0,"positive_kw=4, negative_kw=1"
30248109,Rubella immunity and serum perfluoroalkyl substances: Sex and analytic strategy.,PloS one,2018,PFOS,immunotoxicity,1.0,"positive_kw=4, negative_kw=1"
37069739,US and international per- and polyfluoroalkyl substances surface water quality c,Integrated environmental assessment and management,2024,PFOA,hepatotoxicity,1.0,"positive_kw=2, negative_kw=0"
37069739,US and international per- and polyfluoroalkyl substances surface water quality c,Integrated environmental assessment and management,2024,PFOS,hepatotoxicity,1.0,"positive_kw=2, negative_kw=0"
39073492,Elucidating the degradation mechanisms of perfluorooctanoic acid and perfluorooc,Environmental geochemistry and health,2024,PFOA,hepatotoxicity,1.0,"positive_kw=3, negative_kw=0"
39073492,Elucidating the degradation mechanisms of perfluorooctanoic acid and perfluorooc,Environmental geochemistry and health,2024,PFOS,hepatotoxicity,1.0,"positive_kw=3, negative_kw=0"
34798108,Elucidating the molecular mechanisms of perfluorooctanoic acid-serum protein int,Chemosphere,2022,PFOA,NR-AR,1.0,"positive_kw=2, negative_kw=0"
34798108,Elucidating the molecular mechanisms of perfluorooctanoic acid-serum protein int,Chemosphere,2022,PFOA,hepatotoxicity,1.0,"positive_kw=2, negative_kw=0"
34762945,Global occurrence and probabilistic environmental health hazard assessment of pe,The Science of the total environment,2022,PFOA,hepatotoxicity,1.0,"positive_kw=1, negative_kw=0"
34762945,Global occurrence and probabilistic environmental health hazard assessment of pe,The Science of the total environment,2022,PFOS,hepatotoxicity,1.0,"positive_kw=1, negative_kw=0"
34296455,Argumentation Analysis of Risk Assessments: The Case of Perfluorooctanoic Acid.,Risk analysis : an official publication of the Society for Risk Analysis,2022,PFOA,hepatotoxicity,1.0,"positive_kw=1, negative_kw=0"
34400261,The Dilemma of perfluorooctanoate (PFOA) human half-life.,Regulatory toxicology and pharmacology : RTP,2021,PFOA,NR-AR,1.0,"positive_kw=1, negative_kw=0"
39584959,Impact of Legacy Perfluorooctane Sulfonate (PFOS) and Perfluorooctanoate (PFOA) ,Journal of xenobiotics,2024,PFOA,NR-AR,1.0,"positive_kw=3, negative_kw=0"
39584959,Impact of Legacy Perfluorooctane Sulfonate (PFOS) and Perfluorooctanoate (PFOA) ,Journal of xenobiotics,2024,PFOA,hepatotoxicity,1.0,"positive_kw=3, negative_kw=0"
39584959,Impact of Legacy Perfluorooctane Sulfonate (PFOS) and Perfluorooctanoate (PFOA) ,Journal of xenobiotics,2024,PFOA,immunotoxicity,1.0,"positive_kw=3, negative_kw=0"
39584959,Impact of Legacy Perfluorooctane Sulfonate (PFOS) and Perfluorooctanoate (PFOA) ,Journal of xenobiotics,2024,PFOS,NR-AR,1.0,"positive_kw=3, negative_kw=0"
39584959,Impact of Legacy Perfluorooctane Sulfonate (PFOS) and Perfluorooctanoate (PFOA) ,Journal of xenobiotics,2024,PFOS,hepatotoxicity,1.0,"positive_kw=3, negative_kw=0"
39584959,Impact of Legacy Perfluorooctane Sulfonate (PFOS) and Perfluorooctanoate (PFOA) ,Journal of xenobiotics,2024,PFOS,immunotoxicity,1.0,"positive_kw=3, negative_kw=0"
39732059,Association between exposure to perfluoroalkyl and polyfluoroalkyl substances wi,Ecotoxicology and environmental safety,2025,PFOA,NR-AR,1.0,"positive_kw=4, negative_kw=1"
39732059,Association between exposure to perfluoroalkyl and polyfluoroalkyl substances wi,Ecotoxicology and environmental safety,2025,PFOS,NR-AR,1.0,"positive_kw=4, negative_kw=1"
39732059,Association between exposure to perfluoroalkyl and polyfluoroalkyl substances wi,Ecotoxicology and environmental safety,2025,PFNA,NR-AR,1.0,"positive_kw=4, negative_kw=1"
39732059,Association between exposure to perfluoroalkyl and polyfluoroalkyl substances wi,Ecotoxicology and environmental safety,2025,PFHxS,NR-AR,1.0,"positive_kw=4, negative_kw=1"
40503787,Mechanistic insights into PFOS-induced inflammatory bowel disease: a network tox,"International journal of surgery (London, England)",2025,PFOS,NR-AR,1.0,"positive_kw=3, negative_kw=0"
40503787,Mechanistic insights into PFOS-induced inflammatory bowel disease: a network tox,"International journal of surgery (London, England)",2025,PFOS,hepatotoxicity,1.0,"positive_kw=3, negative_kw=0"
40503787,Mechanistic insights into PFOS-induced inflammatory bowel disease: a network tox,"International journal of surgery (London, England)",2025,PFOS,immunotoxicity,1.0,"positive_kw=3, negative_kw=0"
40845637,Elucidating the associations and molecular mechanisms of perfluoroalkyl substanc,Ecotoxicology and environmental safety,2025,PFOS,NR-AR,1.0,"positive_kw=4, negative_kw=0"
41265816,Per- and polyfluoroalkyl substances trigger autoimmune diseases through inflamma,Chemico-biological interactions,2026,PFOS,NR-AR,1.0,"positive_kw=1, negative_kw=0"
41265816,Per- and polyfluoroalkyl substances trigger autoimmune diseases through inflamma,Chemico-biological interactions,2026,PFOS,hepatotoxicity,1.0,"positive_kw=1, negative_kw=0"
41265816,Per- and polyfluoroalkyl substances trigger autoimmune diseases through inflamma,Chemico-biological interactions,2026,PFOS,immunotoxicity,1.0,"positive_kw=1, negative_kw=0"
40915206,Network toxicology and molecular docking to investigate the association of perfl,Ecotoxicology and environmental safety,2025,PFOS,NR-AR,1.0,"positive_kw=4, negative_kw=0"
40915206,Network toxicology and molecular docking to investigate the association of perfl,Ecotoxicology and environmental safety,2025,PFOS,hepatotoxicity,1.0,"positive_kw=4, negative_kw=0"
40995116,Analysis of the effects of perfluorooctane sulfonate on COPD using network toxic,iScience,2025,PFOS,NR-AR,1.0,"positive_kw=3, negative_kw=0"
40995116,Analysis of the effects of perfluorooctane sulfonate on COPD using network toxic,iScience,2025,PFOS,immunotoxicity,1.0,"positive_kw=3, negative_kw=0"
40705188,Integrated network toxicology and bioinformatics reveal PFAS-driven prognostic b,Discover oncology,2025,PFOS,NR-AR,1.0,"positive_kw=3, negative_kw=0"
40705188,Integrated network toxicology and bioinformatics reveal PFAS-driven prognostic b,Discover oncology,2025,PFOS,hepatotoxicity,1.0,"positive_kw=3, negative_kw=0"
40705188,Integrated network toxicology and bioinformatics reveal PFAS-driven prognostic b,Discover oncology,2025,PFOS,immunotoxicity,1.0,"positive_kw=3, negative_kw=0"
40050647,Integrated computational analysis of molecular mechanisms underlying perfluorooc,Scientific reports,2025,PFOS,NR-AR,1.0,"positive_kw=2, negative_kw=0"
40050647,Integrated computational analysis of molecular mechanisms underlying perfluorooc,Scientific reports,2025,PFOS,endocrine,1.0,"positive_kw=2, negative_kw=0"
41134653,Exploring the Association Between Per- and Polyfluoroalkyl Substances Exposure a,Brain and behavior,2025,PFOS,NR-AR,1.0,"positive_kw=5, negative_kw=0"
41134653,Exploring the Association Between Per- and Polyfluoroalkyl Substances Exposure a,Brain and behavior,2025,PFOS,hepatotoxicity,1.0,"positive_kw=5, negative_kw=0"
40570396,Mitochondrial and inflammatory dysfunctions underlie perfluorooctane sulfonic ac,The Science of the total environment,2025,PFOS,SR-MMP,1.0,"positive_kw=5, negative_kw=1"
40570396,Mitochondrial and inflammatory dysfunctions underlie perfluorooctane sulfonic ac,The Science of the total environment,2025,PFOS,hepatotoxicity,1.0,"positive_kw=5, negative_kw=1"
38146916,Assessing Contamination Profiles in Livers from Road-Killed Owls.,Environmental toxicology and chemistry,2024,PFOS,NR-AR,1.0,"positive_kw=1, negative_kw=0"
38146916,Assessing Contamination Profiles in Livers from Road-Killed Owls.,Environmental toxicology and chemistry,2024,PFOS,hepatotoxicity,1.0,"positive_kw=1, negative_kw=0"
40737503,A systems toxicology approach implicates post-transcriptional regulatory network,Toxicological sciences : an official journal of the Society of Toxicology,2025,PFOS,NR-AR,1.0,"positive_kw=4, negative_kw=1"
40737503,A systems toxicology approach implicates post-transcriptional regulatory network,Toxicological sciences : an official journal of the Society of Toxicology,2025,PFOS,hepatotoxicity,1.0,"positive_kw=4, negative_kw=1"
40737503,A systems toxicology approach implicates post-transcriptional regulatory network,Toxicological sciences : an official journal of the Society of Toxicology,2025,PFOS,developmental,1.0,"positive_kw=4, negative_kw=1"
39894319,Evaluation of the causal effects of perfluorooctanesulfonate on COVID-19 and its,Toxicology letters,2025,PFOS,NR-AR,1.0,"positive_kw=3, negative_kw=1"
37741269,Serum albumin mitigated perfluorooctane sulfonate-induced cytotoxicity by affect,Biophysical chemistry,2023,PFOS,NR-AR,1.0,"positive_kw=3, negative_kw=0"
37741269,Serum albumin mitigated perfluorooctane sulfonate-induced cytotoxicity by affect,Biophysical chemistry,2023,PFOS,hepatotoxicity,1.0,"positive_kw=3, negative_kw=0"
37741269,Serum albumin mitigated perfluorooctane sulfonate-induced cytotoxicity by affect,Biophysical chemistry,2023,PFOS,developmental,1.0,"positive_kw=3, negative_kw=0"
41043219,Microbiota modulates compound-specific toxicity of environmental chemicals: A mu,Environment international,2025,PFOS,hepatotoxicity,1.0,"positive_kw=4, negative_kw=0"
41043219,Microbiota modulates compound-specific toxicity of environmental chemicals: A mu,Environment international,2025,PFOS,immunotoxicity,1.0,"positive_kw=4, negative_kw=0"
41043219,Microbiota modulates compound-specific toxicity of environmental chemicals: A mu,Environment international,2025,PFOS,developmental,1.0,"positive_kw=4, negative_kw=0"
41463487,Multi-Organ Toxicity of Combined PFOS/PS Exposure and Its Application in Network,Biology,2025,PFOS,NR-AR,1.0,"positive_kw=3, negative_kw=0"
41463487,Multi-Organ Toxicity of Combined PFOS/PS Exposure and Its Application in Network,Biology,2025,PFOS,hepatotoxicity,1.0,"positive_kw=3, negative_kw=0"
41463487,Multi-Organ Toxicity of Combined PFOS/PS Exposure and Its Application in Network,Biology,2025,PFOS,immunotoxicity,1.0,"positive_kw=3, negative_kw=0"
37059384,Investigating fatty liver disease-associated adverse outcome pathways of perfluo,Food and chemical toxicology : an international journal published for the British Industrial Biological Research Association,2023,PFOS,NR-AR,1.0,"positive_kw=3, negative_kw=0"
37059384,Investigating fatty liver disease-associated adverse outcome pathways of perfluo,Food and chemical toxicology : an international journal published for the British Industrial Biological Research Association,2023,PFOS,hepatotoxicity,1.0,"positive_kw=3, negative_kw=0"
38501493,Per- and Polyfluoroalkyl Substances in Water (2008-2022) and Fish (2015-2022) in,Environmental toxicology and chemistry,2024,PFOA,hepatotoxicity,1.0,"positive_kw=2, negative_kw=0"
38501493,Per- and Polyfluoroalkyl Substances in Water (2008-2022) and Fish (2015-2022) in,Environmental toxicology and chemistry,2024,PFOS,hepatotoxicity,1.0,"positive_kw=2, negative_kw=0"
40697017,"Commentary on ""Mechanistic insights into PFOS-induced inflammatory bowel disease","International journal of surgery (London, England)",2025,PFOS,NR-AR,1.0,"positive_kw=1, negative_kw=0"
40958282,Machine learning and SHAP-based identification of RNASE1 linking environmental e,Medicine,2025,PFOA,NR-AR,1.0,"positive_kw=1, negative_kw=0"
40958282,Machine learning and SHAP-based identification of RNASE1 linking environmental e,Medicine,2025,PFOA,hepatotoxicity,1.0,"positive_kw=1, negative_kw=0"
40958282,Machine learning and SHAP-based identification of RNASE1 linking environmental e,Medicine,2025,PFOA,endocrine,1.0,"positive_kw=1, negative_kw=0"
40958282,Machine learning and SHAP-based identification of RNASE1 linking environmental e,Medicine,2025,PFOS,NR-AR,1.0,"positive_kw=1, negative_kw=0"
40958282,Machine learning and SHAP-based identification of RNASE1 linking environmental e,Medicine,2025,PFOS,hepatotoxicity,1.0,"positive_kw=1, negative_kw=0"
40958282,Machine learning and SHAP-based identification of RNASE1 linking environmental e,Medicine,2025,PFOS,endocrine,1.0,"positive_kw=1, negative_kw=0"
38752651,Considerations and challenges in support of science and communication of fish co,Integrated environmental assessment and management,2024,PFOS,hepatotoxicity,1.0,"positive_kw=4, negative_kw=0"
38668455,Perfluorooctanesulfonic Acid Alters Pro-Cancer Phenotypes and Metabolic and Tran,Toxics,2024,PFOS,NR-AR,1.0,"positive_kw=4, negative_kw=0"
38668455,Perfluorooctanesulfonic Acid Alters Pro-Cancer Phenotypes and Metabolic and Tran,Toxics,2024,PFOS,hepatotoxicity,1.0,"positive_kw=4, negative_kw=0"
38668455,Perfluorooctanesulfonic Acid Alters Pro-Cancer Phenotypes and Metabolic and Tran,Toxics,2024,PFOS,endocrine,1.0,"positive_kw=4, negative_kw=0"
39547089,The impact of high exposure to perfluoroalkyl substances and risk for hormone re,Environment international,2024,PFOS,NR-AR,1.0,"positive_kw=3, negative_kw=0"
39547089,The impact of high exposure to perfluoroalkyl substances and risk for hormone re,Environment international,2024,PFOS,hepatotoxicity,1.0,"positive_kw=3, negative_kw=0"
39547089,The impact of high exposure to perfluoroalkyl substances and risk for hormone re,Environment international,2024,PFOS,endocrine,1.0,"positive_kw=3, negative_kw=0"
39547089,The impact of high exposure to perfluoroalkyl substances and risk for hormone re,Environment international,2024,PFHxS,NR-AR,1.0,"positive_kw=3, negative_kw=0"
39547089,The impact of high exposure to perfluoroalkyl substances and risk for hormone re,Environment international,2024,PFHxS,hepatotoxicity,1.0,"positive_kw=3, negative_kw=0"
39547089,The impact of high exposure to perfluoroalkyl substances and risk for hormone re,Environment international,2024,PFHxS,endocrine,1.0,"positive_kw=3, negative_kw=0"
35318009,Per- and polyfluoroalkyl substances (PFAS) and male reproductive function in you,Environmental research,2022,PFOA,NR-AR,1.0,"positive_kw=2, negative_kw=1"
35318009,Per- and polyfluoroalkyl substances (PFAS) and male reproductive function in you,Environmental research,2022,PFOA,hepatotoxicity,1.0,"positive_kw=2, negative_kw=1"
35318009,Per- and polyfluoroalkyl substances (PFAS) and male reproductive function in you,Environmental research,2022,PFOA,endocrine,1.0,"positive_kw=2, negative_kw=1"
35318009,Per- and polyfluoroalkyl substances (PFAS) and male reproductive function in you,Environmental research,2022,PFOA,developmental,1.0,"positive_kw=2, negative_kw=1"
35318009,Per- and polyfluoroalkyl substances (PFAS) and male reproductive function in you,Environmental research,2022,PFDA,NR-AR,1.0,"positive_kw=2, negative_kw=1"
35318009,Per- and polyfluoroalkyl substances (PFAS) and male reproductive function in you,Environmental research,2022,PFDA,hepatotoxicity,1.0,"positive_kw=2, negative_kw=1"
35318009,Per- and polyfluoroalkyl substances (PFAS) and male reproductive function in you,Environmental research,2022,PFDA,endocrine,1.0,"positive_kw=2, negative_kw=1"
35318009,Per- and polyfluoroalkyl substances (PFAS) and male reproductive function in you,Environmental research,2022,PFDA,developmental,1.0,"positive_kw=2, negative_kw=1"
35318009,Per- and polyfluoroalkyl substances (PFAS) and male reproductive function in you,Environmental research,2022,PFHxS,NR-AR,1.0,"positive_kw=2, negative_kw=1"
35318009,Per- and polyfluoroalkyl substances (PFAS) and male reproductive function in you,Environmental research,2022,PFHxS,hepatotoxicity,1.0,"positive_kw=2, negative_kw=1"
35318009,Per- and polyfluoroalkyl substances (PFAS) and male reproductive function in you,Environmental research,2022,PFHxS,endocrine,1.0,"positive_kw=2, negative_kw=1"
35318009,Per- and polyfluoroalkyl substances (PFAS) and male reproductive function in you,Environmental research,2022,PFHxS,developmental,1.0,"positive_kw=2, negative_kw=1"
41222812,Assessing PFAS mixture exposure and thyroid function in U.S. adolescents: insigh,Environmental science and pollution research international,2025,PFOA,NR-AR,1.0,"positive_kw=5, negative_kw=1"
41222812,Assessing PFAS mixture exposure and thyroid function in U.S. adolescents: insigh,Environmental science and pollution research international,2025,PFOA,hepatotoxicity,1.0,"positive_kw=5, negative_kw=1"
41222812,Assessing PFAS mixture exposure and thyroid function in U.S. adolescents: insigh,Environmental science and pollution research international,2025,PFOA,endocrine,1.0,"positive_kw=5, negative_kw=1"
41222812,Assessing PFAS mixture exposure and thyroid function in U.S. adolescents: insigh,Environmental science and pollution research international,2025,PFOS,NR-AR,1.0,"positive_kw=5, negative_kw=1"
41222812,Assessing PFAS mixture exposure and thyroid function in U.S. adolescents: insigh,Environmental science and pollution research international,2025,PFOS,hepatotoxicity,1.0,"positive_kw=5, negative_kw=1"
41222812,Assessing PFAS mixture exposure and thyroid function in U.S. adolescents: insigh,Environmental science and pollution research international,2025,PFOS,endocrine,1.0,"positive_kw=5, negative_kw=1"
41222812,Assessing PFAS mixture exposure and thyroid function in U.S. adolescents: insigh,Environmental science and pollution research international,2025,PFNA,NR-AR,1.0,"positive_kw=5, negative_kw=1"
41222812,Assessing PFAS mixture exposure and thyroid function in U.S. adolescents: insigh,Environmental science and pollution research international,2025,PFNA,hepatotoxicity,1.0,"positive_kw=5, negative_kw=1"
41222812,Assessing PFAS mixture exposure and thyroid function in U.S. adolescents: insigh,Environmental science and pollution research international,2025,PFNA,endocrine,1.0,"positive_kw=5, negative_kw=1"
41222812,Assessing PFAS mixture exposure and thyroid function in U.S. adolescents: insigh,Environmental science and pollution research international,2025,PFDA,NR-AR,1.0,"positive_kw=5, negative_kw=1"
41222812,Assessing PFAS mixture exposure and thyroid function in U.S. adolescents: insigh,Environmental science and pollution research international,2025,PFDA,hepatotoxicity,1.0,"positive_kw=5, negative_kw=1"
41222812,Assessing PFAS mixture exposure and thyroid function in U.S. adolescents: insigh,Environmental science and pollution research international,2025,PFDA,endocrine,1.0,"positive_kw=5, negative_kw=1"
41222812,Assessing PFAS mixture exposure and thyroid function in U.S. adolescents: insigh,Environmental science and pollution research international,2025,PFHxS,NR-AR,1.0,"positive_kw=5, negative_kw=1"
41222812,Assessing PFAS mixture exposure and thyroid function in U.S. adolescents: insigh,Environmental science and pollution research international,2025,PFHxS,hepatotoxicity,1.0,"positive_kw=5, negative_kw=1"
41222812,Assessing PFAS mixture exposure and thyroid function in U.S. adolescents: insigh,Environmental science and pollution research international,2025,PFHxS,endocrine,1.0,"positive_kw=5, negative_kw=1"
41453585,Childhood susceptibility to PFAS-associated endocrine disruption: NHANES age-str,"Reproductive toxicology (Elmsford, N.Y.)",2026,PFOA,NR-AR,1.0,"positive_kw=3, negative_kw=0"
41453585,Childhood susceptibility to PFAS-associated endocrine disruption: NHANES age-str,"Reproductive toxicology (Elmsford, N.Y.)",2026,PFOA,hepatotoxicity,1.0,"positive_kw=3, negative_kw=0"
41453585,Childhood susceptibility to PFAS-associated endocrine disruption: NHANES age-str,"Reproductive toxicology (Elmsford, N.Y.)",2026,PFOA,endocrine,1.0,"positive_kw=3, negative_kw=0"
41453585,Childhood susceptibility to PFAS-associated endocrine disruption: NHANES age-str,"Reproductive toxicology (Elmsford, N.Y.)",2026,PFOS,NR-AR,1.0,"positive_kw=3, negative_kw=0"
41453585,Childhood susceptibility to PFAS-associated endocrine disruption: NHANES age-str,"Reproductive toxicology (Elmsford, N.Y.)",2026,PFOS,hepatotoxicity,1.0,"positive_kw=3, negative_kw=0"
41453585,Childhood susceptibility to PFAS-associated endocrine disruption: NHANES age-str,"Reproductive toxicology (Elmsford, N.Y.)",2026,PFOS,endocrine,1.0,"positive_kw=3, negative_kw=0"
41453585,Childhood susceptibility to PFAS-associated endocrine disruption: NHANES age-str,"Reproductive toxicology (Elmsford, N.Y.)",2026,PFNA,NR-AR,1.0,"positive_kw=3, negative_kw=0"
41453585,Childhood susceptibility to PFAS-associated endocrine disruption: NHANES age-str,"Reproductive toxicology (Elmsford, N.Y.)",2026,PFNA,hepatotoxicity,1.0,"positive_kw=3, negative_kw=0"
41453585,Childhood susceptibility to PFAS-associated endocrine disruption: NHANES age-str,"Reproductive toxicology (Elmsford, N.Y.)",2026,PFNA,endocrine,1.0,"positive_kw=3, negative_kw=0"
41453585,Childhood susceptibility to PFAS-associated endocrine disruption: NHANES age-str,"Reproductive toxicology (Elmsford, N.Y.)",2026,PFHxS,NR-AR,1.0,"positive_kw=3, negative_kw=0"
41453585,Childhood susceptibility to PFAS-associated endocrine disruption: NHANES age-str,"Reproductive toxicology (Elmsford, N.Y.)",2026,PFHxS,hepatotoxicity,1.0,"positive_kw=3, negative_kw=0"
41453585,Childhood susceptibility to PFAS-associated endocrine disruption: NHANES age-str,"Reproductive toxicology (Elmsford, N.Y.)",2026,PFHxS,endocrine,1.0,"positive_kw=3, negative_kw=0"
41252967,Perfluoroalkyl and polyfluoroalkyl substances contamination in dairy: A global p,The Science of the total environment,2025,PFOA,hepatotoxicity,1.0,"positive_kw=4, negative_kw=0"
41252967,Perfluoroalkyl and polyfluoroalkyl substances contamination in dairy: A global p,The Science of the total environment,2025,PFOA,immunotoxicity,1.0,"positive_kw=4, negative_kw=0"
41252967,Perfluoroalkyl and polyfluoroalkyl substances contamination in dairy: A global p,The Science of the total environment,2025,PFOA,endocrine,1.0,"positive_kw=4, negative_kw=0"
41252967,Perfluoroalkyl and polyfluoroalkyl substances contamination in dairy: A global p,The Science of the total environment,2025,PFOA,developmental,1.0,"positive_kw=4, negative_kw=0"
41252967,Perfluoroalkyl and polyfluoroalkyl substances contamination in dairy: A global p,The Science of the total environment,2025,PFOS,hepatotoxicity,1.0,"positive_kw=4, negative_kw=0"
41252967,Perfluoroalkyl and polyfluoroalkyl substances contamination in dairy: A global p,The Science of the total environment,2025,PFOS,immunotoxicity,1.0,"positive_kw=4, negative_kw=0"
41252967,Perfluoroalkyl and polyfluoroalkyl substances contamination in dairy: A global p,The Science of the total environment,2025,PFOS,endocrine,1.0,"positive_kw=4, negative_kw=0"
41252967,Perfluoroalkyl and polyfluoroalkyl substances contamination in dairy: A global p,The Science of the total environment,2025,PFOS,developmental,1.0,"positive_kw=4, negative_kw=0"
33033332,Endocrine disruption of vitamin D activity by perfluoro-octanoic acid (PFOA).,Scientific reports,2020,PFOA,NR-AR,1.0,"positive_kw=2, negative_kw=0"
33033332,Endocrine disruption of vitamin D activity by perfluoro-octanoic acid (PFOA).,Scientific reports,2020,PFOA,hepatotoxicity,1.0,"positive_kw=2, negative_kw=0"
33033332,Endocrine disruption of vitamin D activity by perfluoro-octanoic acid (PFOA).,Scientific reports,2020,PFOA,immunotoxicity,1.0,"positive_kw=2, negative_kw=0"
33033332,Endocrine disruption of vitamin D activity by perfluoro-octanoic acid (PFOA).,Scientific reports,2020,PFOA,endocrine,1.0,"positive_kw=2, negative_kw=0"
37162486,Quantifying the impact of PFOA exposure on B-cell development and antibody produ,Toxicological sciences : an official journal of the Society of Toxicology,2023,PFOA,NR-AR,1.0,"positive_kw=4, negative_kw=0"
37162486,Quantifying the impact of PFOA exposure on B-cell development and antibody produ,Toxicological sciences : an official journal of the Society of Toxicology,2023,PFOA,hepatotoxicity,1.0,"positive_kw=4, negative_kw=0"
37162486,Quantifying the impact of PFOA exposure on B-cell development and antibody produ,Toxicological sciences : an official journal of the Society of Toxicology,2023,PFOA,immunotoxicity,1.0,"positive_kw=4, negative_kw=0"
37162486,Quantifying the impact of PFOA exposure on B-cell development and antibody produ,Toxicological sciences : an official journal of the Society of Toxicology,2023,PFOA,endocrine,1.0,"positive_kw=4, negative_kw=0"
39179042,Association between exposure to perfluoroalkyl substances (PFAS) and endometrios,The Science of the total environment,2024,PFNA,hepatotoxicity,1.0,"positive_kw=5, negative_kw=1"
39179042,Association between exposure to perfluoroalkyl substances (PFAS) and endometrios,The Science of the total environment,2024,PFHxS,hepatotoxicity,1.0,"positive_kw=5, negative_kw=1"
35202277,Early Warnings by Liver Organoids on Short- and Long-Chain PFAS Toxicity.,Toxics,2022,PFOA,hepatotoxicity,1.0,"positive_kw=2, negative_kw=0"
35202277,Early Warnings by Liver Organoids on Short- and Long-Chain PFAS Toxicity.,Toxics,2022,PFOS,hepatotoxicity,1.0,"positive_kw=2, negative_kw=0"
41389916,Correlation of per- and poly-fluoroalkyl substances (PFAS) exposure with testost,Environmental toxicology and pharmacology,2026,PFNA,hepatotoxicity,1.0,"positive_kw=3, negative_kw=0"
41389916,Correlation of per- and poly-fluoroalkyl substances (PFAS) exposure with testost,Environmental toxicology and pharmacology,2026,PFNA,endocrine,1.0,"positive_kw=3, negative_kw=0"
41389916,Correlation of per- and poly-fluoroalkyl substances (PFAS) exposure with testost,Environmental toxicology and pharmacology,2026,PFNA,developmental,1.0,"positive_kw=3, negative_kw=0"
36906028,EU need to protect its environment from toxic per- and polyfluoroalkyl substance,The Science of the total environment,2023,PFOS,hepatotoxicity,1.0,"positive_kw=2, negative_kw=0"
36906028,EU need to protect its environment from toxic per- and polyfluoroalkyl substance,The Science of the total environment,2023,PFOS,immunotoxicity,1.0,"positive_kw=2, negative_kw=0"
36906028,EU need to protect its environment from toxic per- and polyfluoroalkyl substance,The Science of the total environment,2023,PFOS,endocrine,1.0,"positive_kw=2, negative_kw=0"
37658449,"Per- and polyfluoroalkyl substances, gestational weight gain, postpartum weight ",Environmental health : a global access science source,2023,PFOA,NR-AR,1.0,"positive_kw=1, negative_kw=0"
37658449,"Per- and polyfluoroalkyl substances, gestational weight gain, postpartum weight ",Environmental health : a global access science source,2023,PFOA,hepatotoxicity,1.0,"positive_kw=1, negative_kw=0"
37658449,"Per- and polyfluoroalkyl substances, gestational weight gain, postpartum weight ",Environmental health : a global access science source,2023,PFOA,endocrine,1.0,"positive_kw=1, negative_kw=0"
37658449,"Per- and polyfluoroalkyl substances, gestational weight gain, postpartum weight ",Environmental health : a global access science source,2023,PFOA,developmental,1.0,"positive_kw=1, negative_kw=0"
37658449,"Per- and polyfluoroalkyl substances, gestational weight gain, postpartum weight ",Environmental health : a global access science source,2023,PFOS,NR-AR,1.0,"positive_kw=1, negative_kw=0"
37658449,"Per- and polyfluoroalkyl substances, gestational weight gain, postpartum weight ",Environmental health : a global access science source,2023,PFOS,hepatotoxicity,1.0,"positive_kw=1, negative_kw=0"
37658449,"Per- and polyfluoroalkyl substances, gestational weight gain, postpartum weight ",Environmental health : a global access science source,2023,PFOS,endocrine,1.0,"positive_kw=1, negative_kw=0"
37658449,"Per- and polyfluoroalkyl substances, gestational weight gain, postpartum weight ",Environmental health : a global access science source,2023,PFOS,developmental,1.0,"positive_kw=1, negative_kw=0"
37658449,"Per- and polyfluoroalkyl substances, gestational weight gain, postpartum weight ",Environmental health : a global access science source,2023,PFNA,NR-AR,1.0,"positive_kw=1, negative_kw=0"
37658449,"Per- and polyfluoroalkyl substances, gestational weight gain, postpartum weight ",Environmental health : a global access science source,2023,PFNA,hepatotoxicity,1.0,"positive_kw=1, negative_kw=0"
37658449,"Per- and polyfluoroalkyl substances, gestational weight gain, postpartum weight ",Environmental health : a global access science source,2023,PFNA,endocrine,1.0,"positive_kw=1, negative_kw=0"
37658449,"Per- and polyfluoroalkyl substances, gestational weight gain, postpartum weight ",Environmental health : a global access science source,2023,PFNA,developmental,1.0,"positive_kw=1, negative_kw=0"
37658449,"Per- and polyfluoroalkyl substances, gestational weight gain, postpartum weight ",Environmental health : a global access science source,2023,PFDA,NR-AR,1.0,"positive_kw=1, negative_kw=0"
37658449,"Per- and polyfluoroalkyl substances, gestational weight gain, postpartum weight ",Environmental health : a global access science source,2023,PFDA,hepatotoxicity,1.0,"positive_kw=1, negative_kw=0"
37658449,"Per- and polyfluoroalkyl substances, gestational weight gain, postpartum weight ",Environmental health : a global access science source,2023,PFDA,endocrine,1.0,"positive_kw=1, negative_kw=0"
37658449,"Per- and polyfluoroalkyl substances, gestational weight gain, postpartum weight ",Environmental health : a global access science source,2023,PFDA,developmental,1.0,"positive_kw=1, negative_kw=0"
37658449,"Per- and polyfluoroalkyl substances, gestational weight gain, postpartum weight ",Environmental health : a global access science source,2023,PFHxS,NR-AR,1.0,"positive_kw=1, negative_kw=0"
37658449,"Per- and polyfluoroalkyl substances, gestational weight gain, postpartum weight ",Environmental health : a global access science source,2023,PFHxS,hepatotoxicity,1.0,"positive_kw=1, negative_kw=0"
37658449,"Per- and polyfluoroalkyl substances, gestational weight gain, postpartum weight ",Environmental health : a global access science source,2023,PFHxS,endocrine,1.0,"positive_kw=1, negative_kw=0"
37658449,"Per- and polyfluoroalkyl substances, gestational weight gain, postpartum weight ",Environmental health : a global access science source,2023,PFHxS,developmental,1.0,"positive_kw=1, negative_kw=0"
